object_name;bus;tram;trolleybus;shuttle_bus;latitude_1;longitude_1;latitude_2;longitude_2
13-я линия;;1;;;47.22811;39.75884;422373,8528;2207378,011
13-я линия;;1;;;47.22792;39.75811;422353,5978;2207322,396
13-я линия;98, 80, 70, 67, 7, 3а, 3;;22, 9, 2, 1;98, 80;47.22966;39.75804;422547,1227;2207320,133
13-я линия;;;;55;47.2265;39.75871;422195,0183;2207365,357
14-я линия;98, 80, 70, 67, 7;;22, 9, 2, 1;;47.22959;39.75697;422540,6136;2207238,981
14-я линия;;;;98, 80;47.23133;39.75666;422734,4244;2207218,547
14-я линия;;;5;93, 88, 67, 59, 52, 40, 29;47.23953;39.75208;423651,51;2206886,111
14-я линия;;;5;88, 67, 59, 52, 40, 29;47.23936;39.75205;423632,6463;2206883,541
14-я линия, Ченцова;;10, 4;;;47.2371;39.75426;423378,7554;2207046,911
14-я линия, Ченцова;;10, 4;;;47.23623;39.75412;423282,2015;2207034,787
14-я линия, Шолохова;;10, 4;;;47.2393;39.75328;423624,5067;2206976,564
14-я линия, Шолохова;;10, 4;;;47.23995;39.75298;423697,1277;2206954,99
19-я линия;80, 70, 68, 54;;22, 2;80, 66;47.22833;39.76286;422393,541;2207682,83
19-я линия;;;;55;47.2273;39.76295;422278,9259;2207687,854
1-й Конной Армии, 36;;;;40;47.25924;39.77091;425820,4148;2208345,869
1-й Машиностроительный;;;;71;47.25414;39.61361;425450,5325;2196430,526
1-й переулок;80, 70, 54;;22;66, 55, 53, 80;47.23443;39.79511;423034,0008;2210135,454
1-й переулок;68;;;;47.23243;39.79316;422813,9044;2209984,405
1-я Кумженская;57;;;;47.1763;39.56756;416859,116;2192787,873
1-я Кумженская;57;;;;47.17638;39.5673;416868,3671;2192768,326
1-я линия;;1;;;47.22689;39.75244;422245,8477;2206891,197
1-я линия;98, 80, 70, 67, 7, 3а, 3;;22, 9, 2, 1;98, 80;47.22856;39.75216;422431,8417;2206872,922
20-я линия;;;5;93, 88, 67, 59, 52, 40, 29;47.24094;39.75833;423800,8147;2207361,785
20-я линия;;;5;93, 88, 67, 59, 52, 40, 29;47.24076;39.75694;423782,4571;2207256,231
23-я линия;;;2;;47.22454;39.76703;421967,2627;2207992,056
23-я линия;80, 70, 68, 54;;22;80, 66, 55;47.22788;39.76643;422339,2901;2207952,406
23-я линия;;;;55;47.22794;39.76617;422346,2677;2207932,82
26-я линия;;1;;;47.23773;39.7633;423438,0504;2207732,493
28-я линия;;1;;;47.23333;39.76646;422945,1499;2207964,128
29-я линия;;;2;;47.22528;39.77094;422044,9223;2208289,46
29-я линия;80, 70, 68, 54;;22;80, 66, 55;47.22859;39.77018;422413,8008;2208237,623
29-я линия;80, 70, 54;;22, 2;80, 66;47.2302;39.76944;422593,6616;2208184,368
29-я линия;;;;55;47.22869;39.77025;422424,8357;2208243,097
2-й переулок;9;;;93, 25, 23, 12;47.23036;39.68386;422715,8353;2201703,92
2-я Кумженская;57;;;;47.17474;39.55899;416697,5022;2192135,072
2-я Кумженская;57;;;;47.17493;39.5591;416718,4727;2192143,796
2-я линия;98, 80, 70, 67, 7;;22, 9, 2, 1;;47.22881;39.75286;422458,7988;2206926,371
2-я линия;3а, 3;;;98, 80;47.23015;39.7506;422610,4727;2206757,576
2-я линия;;;5;93, 88, 67, 59, 52, 40, 29;47.23828;39.74778;423517,6907;2206558,339
2-я линия;;;5;93, 88, 67, 59, 52, 40, 29;47.23825;39.74687;423515,4472;2206489,385
30-я линия;68;;;53;47.23357;39.76851;422969,4123;2208119,775
30-я линия;;;;53, 24;47.23335;39.76763;422945,9921;2208052,758
35-я линия;;;2;;47.22817;39.77422;422362,3588;2208542,848
35-я линия;80, 70, 68, 54;;22;80, 66, 55;47.22937;39.77434;422495,6261;2208554,003
35-я линия;80, 70, 54;;22, 2;80, 66;47.23055;39.77326;422628,0786;2208474,25
3-й Колхозный переулок;32;;;;47.23176;39.54459;423056,55;2191160,314
3-й Колхозный переулок;32;;;;47.23177;39.54468;423057,5361;2191167,15
3-й переулок;2;;;;47.2634;39.73643;426324,0476;2205743,611
3-й переулок;2;;;;47.26341;39.73665;426324,8931;2205760,278
3-я кольцевая, Калинина;;7;;;47.21772;39.65765;421344,001;2199695,242
3-я кольцевая, Калинина;;7;;;47.21761;39.6576;421331,8363;2199691,247
42-й дом;98, 96, 94, 57, 34;;12;98, 96, 94, 93, 73, 34, 20, 10;47.20763;39.61863;420273,2182;2196720,06
42-й дом;98, 96, 94, 57, 34;;8;98, 96, 94, 93, 73, 34, 20;47.2077;39.61752;420282,4713;2196636,103
45-я линия;80, 70, 68, 54;;22;80, 66, 55;47.23022;39.77867;422585,0515;2208883,367
45-я линия;80, 70, 54;;22;80, 66, 55;47.23025;39.77834;422588,7726;2208858,428
4-я линия;;10, 4;;;47.23548;39.75017;423203,5416;2206734,379
4-я линия;;10, 4;;;47.23546;39.7501;423201,4019;2206729,044
6-й переулок;2;;;;47.26405;39.73857;426393,7232;2205906,72
6-й переулок;2;;;;47.26407;39.73877;426395,7051;2205921,891
6-й участок;92a, 90а, 69, 35;;;;47.29853;39.76764;430192,307;2208166,491
6-й участок;92a, 90а, 69a, 35;;;;47.2984;39.76798;430177,4532;2208191,979
7-й километр;57;;;;47.17601;39.5631;416833,0155;2192449,202
7-й километр;57;;;;47.17584;39.56314;416814,0612;2192451,891
7-й участок;92a, 90а, 69, 35;;;;47.29851;39.77482;430181,638;2208709,479
7-й участок;92a, 90а, 69a, 35;;;;47.2984;39.77475;430169,4908;2208703,996
7-я линия;;1;;;47.22772;39.75701;422332,6718;2207238,743
7-я линия;;1;;;47.22749;39.75569;422308,674;2207138,376
8-й участок;90а, 69, 35, 92a;;;;47.29853;39.77969;430178,1616;2209077,832
8-й участок;92a, 90а, 69a, 35;;;;47.29837;39.7793;430160,8292;2209048,062
c/т Садовод, 2-й участок;92a, 90а, 69a, 35;;;;47.29836;39.7583;430184,4684;2207459,809
c/т Садовод, 2-й участок;92a, 90а, 69, 35;;;;47.29848;39.75819;430197,9401;2207451,7
Автозапчасти;64, 32;;;;47.21161;39.60168;420738,2775;2195443,774
Автозапчасти;64, 32;;;;47.21163;39.60065;420741,8828;2195365,788
"Авторынок ""Алмаз""";;;;95, 93;47.27183;39.82339;427159,6823;2212338,696
"Авторынок ""Алмаз""";;;;95, 93;47.27297;39.82377;427285,9934;2212369,335
"Авторынок ""Фортуна""";96, 94;;;96, 94, 71, 40, 16, 10;47.23304;39.614;423104,2607;2196418,867
"Авторынок ""Фортуна""";96, 94;;;96, 94, 71, 40, 16, 10;47.23313;39.61342;423115,0373;2196375,123
Автостоянка;6;;;59, 55, 6;47.22514;39.62739;422208,2851;2197417,535
Автостоянка;26, 6;;;59, 55, 40, 6;47.2249;39.62698;422182,1433;2197386,02
Автостоянка;6;;;56, 6;47.24683;39.66612;424569,3864;2200391,441
Автостоянка;6;;;56;47.24683;39.66639;424569,0413;2200411,881
АЗС;31;;;73;47.20072;39.70781;419390,7397;2203463,724
Аквадар;36, 28;;;92, 90, 44;47.28494;39.78134;428665,3727;2209179,322
Аквадар;36, 28;;;92, 90, 44;47.28531;39.78215;428705,5627;2209241,232
"Аквапарк ""Осьминожек""";;;;30;47.2908;39.71922;429391,1891;2204490,551
Аксайский мост;70;;;14;47.24819;39.84511;424507,3022;2213943,85
Аксайский мост;70;;;14;47.24779;39.84598;424461,8718;2214009,062
Александровка;80, 54;;;66, 63, 55, 53, 88, 80, 67;47.24445;39.83189;424106,2008;2212936,932
Аллея роз;34а;;;44;47.20364;39.63124;419813,0128;2197667,7
Аллея роз;34а;;;44;47.20377;39.63204;419826,4156;2197728,562
Аллея роз;34а;;;44;47.20381;39.63383;419828,5161;2197864,258
Аптека;98, 96, 94, 57, 34;;12;98, 96, 94, 93, 73, 34, 20, 10;47.20753;39.61581;420265,8404;2196506,224
Аптека;69a, 42а, 35а, 35, 3а;;;;47.29546;39.80363;429809,17;2210883,249
Аптека;69, 42а, 35а, 35, 3а;;;;47.29528;39.80372;429789,0556;2210889,753
АРМ;96, 89, 54, 28, 18л;;;96, 79, 30, 29;47.26425;39.77017;426378,2677;2208298,526
АРМ;94, 89, 54, 18п;;;94, 79, 30, 29;47.26444;39.77025;426399,2965;2208304,909
АТП-1500;68;;;53;47.23581;39.78323;423201,1898;2209238,243
АТП-3;94, 78, 27;;;94, 78, 44, 23, 11;47.26823;39.68375;426926,1143;2201765,74
АТП-3;96, 83, 27;;;96, 78, 44, 23, 11;47.26976;39.68455;427095,2016;2201829,112
Аэровокзал;7;;;;47.25559;39.80271;425377,7015;2210746,543
Аэропорт;7;;9;95, 93;47.25858;39.80358;425709,1153;2210817,423
Аэропорт;7;;9;95, 93;47.25925;39.80373;425783,4302;2210829,902
"База отдыха ""Автомобилист""";39;;;;47.21069;39.80521;420383,1458;2210860,392
"База отдыха ""Алан""";39;;;;47.20307;39.80013;419541,8287;2210462,713
"База отдыха ""Башмачок""";39;;;;47.20199;39.79272;419430,299;2209899,455
"База отдыха ""Голубая волна""";39;;;;47.212;39.74384;420600,7902;2206213,607
"База отдыха ""Голубая волна""";39;;;;47.21215;39.74342;420617,9715;2206182,056
"База отдыха ""Ёлочка""";39;;;;47.20207;39.7927;419439,2159;2209898,075
"База отдыха ""Кооператор""";39;;;;47.20631;39.8016;419900,3421;2210579,543
"База отдыха ""Орхидея""";39;;;;47.20318;39.77314;419585,4095;2208417,976
"База отдыха ""Орхидея""";39;;;;47.20329;39.77322;419597,5445;2208424,227
"База отдыха ""Охотничий клуб""";39;;;;47.20538;39.76452;419840,1519;2207768,693
"База отдыха ""Сосна""";39;;;;47.20321;39.80007;419557,4618;2210458,403
"База отдыха ""УНР-106""";39;;;;47.20771;39.80171;420055,8583;2210590,233
"База отдыха ""Эмбарго""";39;;;;47.2033;39.7951;419573,1877;2210081,999
"База отдыха ""Эмбарго""";39;;;;47.20323;39.7951;419565,4056;2210081,88
"База отдыха ""Эмпилс""";39;;;;47.20819;39.75723;420161,1983;2207221,29
"База отдыха ""Эмпилс""";39;;;;47.2083;39.75725;420173,4035;2207222,997
Баня;;;;48;47.21783;39.67365;421335,7659;2200907,366
Баня;99, 96, 94, 49, 1;;;99, 96, 94, 49, 43, 14;47.26612;39.68205;426693,6831;2201633,181
"Бассейн ""Коралл""";;10, 4;;;47.24761;39.75888;424541,6892;2207415,067
"Бассейн ""Коралл""";;10, 4;;;47.2479;39.75923;424573,5137;2207442,069
Башня;39;;;;47.21104;39.73011;420510,6745;2205171,801
Березка;69a;;;95;47.27493;39.79283;427539,1778;2210031,539
Березка;69, 36;;;95;47.27462;39.79331;427504,1593;2210067,332
Березка;69, 42а, 42, 35а, 35;;;59, 58, 24;47.28593;39.8019;428751,6576;2210736,342
Березка;69a, 42а, 42, 35а, 35;;;59, 58, 24;47.286;39.80181;428759,543;2210729,652
Ближние сады;;;;29, 11;47.32312;39.75127;432945,5393;2206971,655
Больница;;;;48;47.21683;39.67712;421220,1877;2201168,34
Больница;;;;48;47.21681;39.67749;421217,4952;2201196,329
Больница;36, 28;;;92, 90, 44;47.28362;39.77971;428520,5251;2209053,748
Больница;94, 63, 58, 42а, 42, 35а, 35, 18п, 17, 5;;;94, 66, 63, 58, 14;47.249;39.72889;424732,2973;2205147,233
Больница;96, 63, 58, 42а, 42, 35а, 35, 18л, 17, 5;;;96, 66, 63, 58, 14;47.24925;39.72901;424759,9446;2205156,764
Больница №20;34а;;;44, 10;47.20347;39.62104;419807,551;2196894,568
Больница №20;34а;;;44;47.2034;39.62234;419798,0507;2196992,927
Больница СКЖД;9;;;93, 25, 23, 12;47.22803;39.68865;422450,7715;2202062,354
Ботанический сад;37;;;93, 25, 23, 20, 12;47.22795;39.65867;422479,9879;2199791,809
Бочка;57;;;;47.1725;39.55451;416454,6819;2191790,905
Бочка;57;;;;47.17262;39.555;416467,343;2191828,296
БСМП-2;46;;;38;47.27213;39.7104;427326,4249;2203789,505
БСМП-2;46;;;;47.27191;39.70983;427302,6709;2203745,975
бул. Комарова;92a, 78, 65, 63, 33, 18л;;6;95, 83, 65, 63, 56, 44, 25, 11;47.2882;39.71521;429107,0629;2204182,528
бул. Комарова;92a, 83, 65, 63, 33, 18п;;6;95, 83, 65, 63, 56, 44, 25, 11;47.28809;39.71482;429095,3138;2204152,827
бул. Комарова;45, 46, 47, 77, 96, 21;;;38, 11, 21, 96, 44, 45, 47, 66, 77, 95, 19;47.28963;39.70367;429280,3086;2203312,199
бул. Комарова;45, 46, 47, 77, 94, 21;;;38, 11, 21, 95, 44, 45, 47, 66, 77, 94, 19;47.29004;39.70373;429325,8156;2203317,486
бул. Новоселов;45, 47, 77, 94, 21;;;30, 11, 21, 95, 44, 45, 47, 66, 77, 94, 19;47.28298;39.71148;428531,3304;2203890,905
ВАЗ;;;;48, 40, 16;47.23779;39.58376;423672,9674;2194138,478
ВАЗ;;;;48, 40, 16;47.23793;39.58384;423688,4229;2194144,814
Верхненольная;3а, 3;;;98, 80;47.22861;39.75029;422439,6367;2206731,395
Вет.клиника;96;;;96, 30, 19;47.28455;39.72668;428687,2248;2205043,63
Вет.клиника;94;;;94, 30, 19;47.28469;39.72683;428702,6063;2205055,228
Военвед;99, 96, 94, 49, 10;;;99, 96, 94, 49, 10;47.26279;39.66183;426349,2093;2200096,738
Военвед;49, 10, 99, 96, 94;;;99, 96, 94, 49, 14, 10;47.26292;39.66083;426364,9449;2200021,303
Военкомат;98, 57, 34;;;98, 34;47.20827;39.64071;420315,3563;2198394,048
Военкомат;34, 98, 57;;12;98, 44, 34;47.20821;39.64111;420308,1647;2198424,237
Военкомат;98, 67, 11;;;;47.25672;39.7725;425538,3868;2208461,86
Военная часть;96, 94;;;96, 94, 10;47.25775;39.63625;425822,02;2198151,147
Военная часть;96, 94;;;96, 94, 10;47.25781;39.63518;425830,0899;2198070,277
Военторг Новостройка;99, 96, 94, 49, 10;;;99, 96, 94, 49, 10;47.26057;39.65255;426114,3478;2199390,21
"Вокзал ""Сельмаш""";96, 42а, 42, 35а, 35, 18л;;;96, 66, 63, 58, 14;47.25532;39.76402;425392,7436;2207817,579
ВОС;64, 32, 16;;;;47.21175;39.60893;420744,144;2195993,261
ВОС;64, 32, 16;;;;47.21182;39.60842;420752,6066;2195954,764
Гараж;32;;;;47.21629;39.5757;421293,7346;2193485,083
Гараж;32;;;;47.21654;39.57558;421321,6917;2193476,495
Гараж МВД;39, 31;;;;47.20186;39.7104;419514,2731;2203662,033
Гаражи;92a, 90а, 69a, 22;;;;47.29353;39.75738;429648,5892;2207381,783
Гаражи;92a, 90а, 69, 22;;;;47.29343;39.75722;429637,6621;2207369,506
Гаражная;98, 67;;;52;47.24881;39.76837;424663,8634;2208135,563
Гвардейская площадь;21;;5;98, 88, 80, 67, 59, 55, 52, 40, 29, 21;47.22457;39.69713;422055,4911;2202698,206
Гвардейская площадь;21;;5;98, 88, 80, 67, 59, 55, 52, 40, 29, 21;47.22438;39.69542;422036,5044;2202568,35
ГИБДД диагностика;;;;48, 40, 16;47.23787;39.59125;423671,7138;2194705,751
ГИБДД диагностика;;;;48, 40, 16;47.23784;39.59134;423668,257;2194712,506
Гигант;;;;48;47.21399;39.68785;420890,9084;2201975,856
Гигант;;;;48;47.21419;39.68751;420913,5705;2201950,47
Гимназия 239;7;;;;47.26927;39.81006;426890,1681;2211325,756
Гимназия 239;7;;;;47.26935;39.80999;426899,1418;2211320,593
Гипсовый завод;4;;12;73, 8;47.1963;39.62573;419004,2539;2197236,043
Гипсовый завод;4;;8;73, 4;47.19647;39.62563;419023,2849;2197228,794
Главная проходная РСМ;89, 3а, 14, 18л, 28, 35, 35а, 36, 42, 3, 54, 96, 42а;;;96, 14, 24, 29, 30, 58, 59, 63, 79;47.25797;39.76549;425685,6159;2207933,446
Главный автовокзал;;;;99, 38;47.21985;39.69273;421536,2568;2202356,292
Главный автовокзал;80, 70, 3а;;;98, 90, 67, 55, 52, 40;47.22015;39.69278;421569,5461;2202360,631
Главный автовокзал;33, 3;;22, 9, 1;78, 20;47.21979;39.69355;421528,5596;2202418,29
Главный ЖДВ;7;;;;47.21978;39.69283;421528,3495;2202363,738
Главный ЖДВ;80, 70;;;98, 80, 67, 59, 55, 52, 40;47.21959;39.69251;421507,6275;2202339,151
Главный ЖДВ;;;22, 9, 5, 1;;47.22068;39.69164;421629,8965;2202275,261
Главный ЖДВ;39, 31, 3а, 3;;;58, 20;47.2199;39.69193;421542,818;2202295,791
Главный ЖДВ;21;;;21, 88, 29;47.22043;39.69215;421601,4639;2202313,429
Главный ЖДВ;;4, 1;;;47.21954;39.6924;421502,2067;2202330,727
Главный ЖДВ;;4, 1;;;47.21972;39.69202;421522,694;2202302,276
Глазная клиника;98, 26, 34, 34а, 41, 57, 64, 67, 71, 16;;8;34, 40, 44, 52, 55, 59, 67, 71, 98, 16;47.21205;39.65142;420721,6869;2199212,592
Горгаз;;;5;93, 88, 67, 59, 52, 40, 29;47.23735;39.74392;423418,9355;2206264,433
Горгаз;;;5;93, 88, 67, 59, 52, 40, 29;47.23734;39.74322;423418,6661;2206211,414
Городской пляж;31;;;;47.20993;39.72164;420397,6107;2204528,164
Госпиталь;99, 96, 94, 49, 1;;;99, 96, 94, 49, 43, 14;47.26003;39.67552;426024,9027;2201127,662
Госпиталь УВОВ;;1;;;47.23636;39.76523;423283,459;2207876,248
Госпиталь УВОВ;;1;;;47.23638;39.76382;423287,3505;2207769,52
ГПЗ-10;4;;;56, 34, 25, 23, 8, 4;47.1996;39.61269;419388,3895;2196254,374
ГПЗ-10;98, 96, 94, 57, 34а, 34, 32;;;98, 96, 94, 93, 44, 20;47.20009;39.61318;419442,2121;2196292,457
ГПЗ-10;;;8;73;47.2011;39.61342;419554,177;2196312,613
ГПЗ-10;34, 34а, 57, 94, 96, 32;;12;34, 20, 25, 44, 56, 73, 93, 94, 96, 98, 23;47.20091;39.61368;419532,7086;2196331,942
ГСК «Авиатор»;10, 1;;;43, 10;47.27846;39.66344;428089,2394;2200248,075
ГСК «Авиатор»;10, 1;;;43, 10;47.27864;39.66358;428109,0714;2200259,006
Детская областная больница;26, 6;;;59, 55, 40, 6;47.22517;39.62254;422218,0149;2197050,282
Детская областная больница;26, 6;;;59, 55, 40, 6;47.22496;39.62299;422194,0743;2197083,955
Детский комбинат;96, 3а, 3, 28, 35, 35а, 36, 42, 42а, 54, 14, 89, 18л;;;24, 29, 30, 58, 59, 63, 79, 96, 14;47.26131;39.76879;426053,0418;2208188,999
Детский комбинат;89, 3а, 14, 18п, 28, 35, 35а, 36, 42, 3, 54, 94, 42а;;;94, 14, 24, 29, 30, 58, 59, 63, 79;47.26124;39.7692;426044,7764;2208219,908
Детский сад;;;;4;47.19256;39.61942;418596,8044;2196750,636
Детский сад;;;;52;47.2364;39.637;423447,4899;2198166,943
"ДК ""Ростсельмаш""";98, 67, 54, 3а, 3;;5, 1;79, 66, 59, 40, 29, 24, 19;47.2505;39.76392;424857,0041;2207801,631
ДК Комбайностроителей;;10, 4;;;47.25069;39.76317;424879,015;2207745,188
ДК Комбайностроителей;;10, 4;;;47.25083;39.76323;424894,5083;2207749,973
Днепродзержинский;68;;;;47.23052;39.82084;422569,9592;2212077,29
Дом №111;94, 63, 58, 42а, 42, 35а, 35, 18п, 17, 5;;;94, 66, 63, 58, 14;47.24923;39.71938;424769,4897;2204427,735
Дом №111;96, 63, 58, 42а, 42, 35а, 35, 18л, 17, 5;;;96, 66, 63, 58, 14;47.24949;39.71956;424798,174;2204441,83
Дом №117;34а;;;;47.20612;39.64552;420070,0778;2198754,349
Дом №129/2;34а;;;;47.20453;39.63766;419903,5504;2198155,817
Дом №30;34а;;;44;47.2082;39.64676;420299,7073;2198852,253
Дом №72;34а;;;44;47.20453;39.63728;419904,0468;2198127,026
Дом Ветеранов;;;;30;47.28985;39.71081;429295,9249;2203852,686
Дом Ветеранов;;;;30;47.28964;39.70979;429273,8384;2203775,15
Дом детского творчества;65, 63;;;65, 63, 38, 29, 11;47.29879;39.71272;430287,4673;2204013,366
Дом детского творчества;65, 63;;;65, 63, 29, 11;47.29874;39.71228;430282,4512;2203979,998
Дом обуви;;;;99, 90, 78, 58, 45, 44, 43, 38, 11, 6;47.21861;39.7085;421378,7678;2203548,492
Домики;80, 70, 68, 54;;22;80, 66, 55, 53;47.23412;39.78965;423005,8483;2209721,487
Домики;80, 70, 68, 54;;22;80, 66, 55, 53;47.23395;39.7912;422985,1542;2209838,567
Домики;96, 22;;;96, 30, 29, 19;47.27371;39.75741;427445,0773;2207349,4
Домики;94, 90;;;94, 30, 29, 19;47.27418;39.75594;427499,0791;2207238,994
Дом-интернат;80, 70, 68, 54;;22;88, 80, 67, 66, 63, 55, 53, 14;47.23815;39.82627;423412,1018;2212501,069
Донагроснаб;;;;48, 40, 16;47.23786;39.59571;423664,5856;2195043,425
Донагроснаб;;;;48, 40, 16;47.23774;39.59563;423651,3526;2195037,13
Еременко, 97/29;71, 67;;;;47.23245;39.59971;423057,7604;2195335,622
"ЖК ""Европейский""";41;;;;47.20244;39.64987;419655,3232;2199076,922
"ЖК ""Красные ворота""";;;;24;47.24299;39.77766;424005,9194;2208828,823
"ЖК ""Платовский""";35а;;;92, 90;47.31824;39.79068;432356,6415;2209942,545
ЖК 50-летия Победы;99, 96, 94, 49, 10;;;99, 96, 94, 49, 10;47.26038;39.6511;426095,0986;2199280,107
ЖК 50-летия Победы;99, 96, 94, 49, 10;;;99, 96, 94, 49, 10;47.25905;39.64841;425950,7194;2199073,986
ЖК Акварель;37;;;20, 12;47.22485;39.66732;422124,2662;2200441,064
ЖК Александровский;;;;88, 67, 63, 14;47.23905;39.79895;423543,2015;2210434,022
ЖСК;99, 96, 94, 49, 10;;;99, 96, 94, 49, 10;47.25753;39.64205;425789,9952;2198589,716
ЖСК;99, 96, 94, 49, 10;;;99, 96, 94, 49, 10;47.25724;39.6437;425755,6083;2198714,048
з/д Спецавтоматика;64, 32;;;;47.21004;39.59774;420569,0282;2195142,207
з/д Спецавтоматика;64, 32;;;;47.21009;39.59771;420574,6272;2195140,033
"Завод ""Алмаз""";69;;;;47.28147;39.80345;428254,0433;2210846,092
"Завод ""Алмаз""";69a, 42а, 42, 35а, 35, 3а;;;95, 93, 59, 58, 24;47.28152;39.8046;428258,2858;2210933,179
"Завод ""Копнитель""";90, 89, 54, 28, 18л;;;79;47.275;39.76387;427580,8265;2207840,441
"Завод ""Копнитель""";89, 54, 22, 18п;;;79;47.27522;39.76417;427604,9298;2207863,523
"Завод ""Решета""";90, 18л;;;79;47.27947;39.76837;428072,4598;2208188,672
"Завод ""Решета""";54, 22;;;;47.27951;39.76875;428076,4588;2208217,491
"Завод ""Рубин""";;;5;98, 88, 80, 67, 59, 55, 52, 40, 29;47.2335;39.73809;422997,9476;2205816,17
"Завод ""Рубин""";;;5;98, 88, 80, 67, 59, 55, 52, 40, 29;47.23327;39.7378;422972,7283;2205793,802
"завод ""Эмпилс""";;;;71;47.25405;39.59708;425462,6343;2195179,145
"завод ""Юг Авто Ремонт""";36, 28;;;92, 90, 44;47.28831;39.78329;429037,758;2209332,606
"завод ""Юг Авто Ремонт""";36, 28;;;92, 90, 44;47.28855;39.78361;429064,0673;2209357,223
Заводская;7;;9;95, 93;47.26256;39.81017;426144,0639;2211322,857
Заводская;7;;9;95, 93;47.26284;39.80966;426175,7735;2211284,728
Западный переезд;37, 15;;;;47.24587;39.6223;424519,6136;2197072,254
Зоопарк;6;;;56, 6;47.24707;39.67315;424587,1045;2200924,085
Зоопарк;6;;;56, 6;47.24733;39.67187;424617,6381;2200827,671
ЗФК;;;;93, 25, 23, 12;47.2238;39.66262;422013,5489;2200083,134
"Издательство ""Молот""";96, 94;;;96, 94, 71, 10;47.23847;39.61411;423707,7839;2196437,792
"Издательство ""Молот""";96, 94;;;96, 94, 71, 10;47.23893;39.61336;423759,9205;2196381,903
"Издательство ""Молот""";;;;52, 40, 16;47.23783;39.61128;423640,398;2196222,266
Изумруд;;;;48, 40, 16;47.23817;39.57406;423728,4355;2193404,794
Институт сервиса;65, 63;;;65, 63, 38, 29, 11;47.30293;39.73604;430719,2397;2205784,413
Институт сервиса;65, 63;;;65, 63, 38, 29, 11;47.30286;39.73632;430711,1186;2205805,463
Испытатель;39;;;;47.20512;39.71152;419875,3129;2203752,798
Испытатель;39, 31;;;;47.20508;39.71175;419870,5821;2203770,151
Казахская;90а, 90;;;92, 90;47.27353;39.74765;427436,7241;2206610,589
Казачий хутор;39;;;;47.2014;39.78922;419368,7578;2209633,265
Калинина;80, 70, 68, 54;;22;88, 80, 67, 66, 63, 55, 53, 14;47.23737;39.81595;423337,0277;2211718,38
Каменские сады;27, 18п, 18л, 10, 1;;;43, 10;47.29736;39.67764;430172,3401;2201357,621
Каменские сады;27, 18п, 18л, 10, 1;;;43, 10;47.2974;39.67756;430176,8885;2201351,645
Каратаево;32;;;;47.23052;39.54198;422922,344;2190960,126
Каратаево-переезд;32;;;;47.23032;39.54999;422888,9346;2191566,286
Каратаево-переезд;32;;;;47.23129;39.55173;422994,3528;2191700,03
Карьер;64, 32;;;;47.21066;39.59431;420642,5741;2194883,591
Карьер;64, 32;;;;47.21073;39.59426;420650,4236;2194879,942
"Кафе ""Зелёный попугай""";39;;;;47.20325;39.77012;419596,7436;2208189,284
"Кафе ""Калифорния""";39;;;;47.20547;39.76458;419850,0865;2207773,395
"Кафе ""Наири""";39;;;;47.21094;39.73011;420499,5572;2205171,622
"Кафе ""Полет""";10, 1;;;43, 10;47.26437;39.66643;426518,9743;2200447,836
"Кафе ""Тайфун""";57;;;;47.16841;39.55108;416004,7535;2191522,541
"Кафе ""Тайфун""";57;;;;47.16839;39.55141;416002,0713;2191547,519
"Кафе ""У Бориса""";39;;;;47.20333;39.77033;419605,3902;2208205,333
"Кафе ""Фрегат""";39;;;;47.20132;39.7895;419359,5395;2209654,344
Каяни;;10, 4;;;47.23468;39.74617;423119,3982;2206430,09
Каяни;;10, 4;;;47.2345;39.74506;423100,7205;2206345,722
к-з Путь к коммунизму;57;;;;47.18282;39.59545;417546,003;2194914,924
к-з Путь к коммунизму;57;;;;47.18187;39.59635;417439,1775;2194981,263
Кирпичный завод;70;;;14;47.2492;39.84237;424622,6184;2213738,069
Кирпичный завод;70;;;14;47.24899;39.84164;424600,0805;2213682,466
Комсомольский парк;99, 6, 21, 27, 35, 35а, 47, 58, 78, 90, 2, 90а;;;99, 11, 21, 23, 38, 43, 44, 47, 58, 78, 90, 6;47.23868;39.69916;423621,6129;2202877,769
Консерватория;61, 6, 9, 27, 33, 35, 35а, 47, 51, 2, 60, 75, 90, 90а, 99, 78, 58;;;12, 44, 43, 58, 78, 90, 99, 20, 11, 6, 47, 38;47.21968;39.70771;421498,7008;2203490,599
Котельная;96, 83, 18п, 18л;;;96, 78, 44, 23, 11;47.28257;39.68951;428513,1007;2202228,073
Котельная;94, 78, 18п, 18л;;;94, 78, 44, 23, 11;47.28273;39.6889;428531,6547;2202182,221
КПС;;;;56, 40, 16;47.22374;39.61359;422070,898;2196369,669
КПС;;;;56, 40, 16;47.22231;39.61381;421911,6285;2196383,541
Красный Аксай;;;2;;47.22604;39.77482;422124,8555;2208584,618
Красный моряк;31;;;73;47.20325;39.70286;419678,1472;2203093,28
Красный моряк;31;;;73;47.20273;39.70227;419621,0709;2203047,629
Левенцовка;64, 32;;;;47.20975;39.58946;420547,9577;2194514,373
Левенцовка;64, 32;;;;47.20971;39.58927;420543,7679;2194499,9
Левенцовский;;;;48, 40, 16;47.23748;39.60286;423612,7349;2195584,047
Левенцовский;;;;52;47.23717;39.60491;423575,5265;2195738,658
Лендворец;37;;;58, 20;47.2202;39.68665;421582,8018;2201896,427
Лендворец;;10;;;47.22142;39.68528;421720,158;2201794,918
Лендворец;;10, 7;;;47.22081;39.68506;421652,6197;2201777,127
Лендворец;;7;;;47.22105;39.68513;421679,213;2201782,873
Лесная школа;36, 28, 3;;;;47.27567;39.78246;427633,4802;2209248,174
Лесная школа;3;;;;47.27562;39.78225;427628,1662;2209232,199
Лесничество;3;;;;47.28091;39.78466;428213,4723;2209423,589
Лестница;92a, 89, 54, 18п;;;95, 79, 44, 29;47.2902;39.73771;429301,9676;2205888,085
Лестница;92a, 89, 54, 18л;;;95, 79, 44, 29;47.29;39.73768;429279,769;2205885,461
Лесхоз;39;;;;47.21133;39.74899;420520,1211;2206602,559
Магазин;32;;;;47.23024;39.54709;422884,0794;2191346,515
Магазин;32;;;;47.23014;39.54709;422872,9622;2191346,31
Магазин;57;;;;47.1675;39.54779;415908,1671;2191271,25
Магазин;57;;;;47.16765;39.54772;415924,9404;2191266,25
Магазин;96, 94, 71, 67;;;96, 94, 93, 73, 71, 67, 25, 23, 20, 10;47.2275;39.62985;422467,4184;2197608,392
Магазин;94, 71, 67, 96;;;96, 94, 93, 73, 71, 67, 25, 23, 20, 10;47.22795;39.6293;422518,1689;2197567,609
Магазин;15;;;48;47.22117;39.65605;421729,6074;2199580,573
Магазин;15;;;48;47.22156;39.65577;421773,3256;2199560,104
Магазин;68;;;;47.23011;39.7964;422552,2441;2210225,828
Магазин;14;;;63, 14;47.26287;39.77795;426215,7167;2208884,937
Магазин;14;;;63, 14;47.2626;39.77856;426184,9863;2208930,638
Магазин;11;;;;47.25861;39.78307;425736,1384;2209265,133
Магазин;94, 63, 58, 42а, 42, 35а, 35, 18п, 17, 5;;;94, 66, 63, 58, 14;47.24893;39.73896;424712,304;2205909,413
Магазин;96, 63, 58, 42а, 42, 35а, 35, 18л, 17, 5;;;96, 66, 63, 58, 14;47.24905;39.73824;424726,5147;2205855,122
Магазин;2;;;;47.2632;39.73255;426306,5155;2205449,616
Магазин;2;;;;47.26303;39.73287;426287,2275;2205473,531
Магазин;18л, 10, 1, 27, 18п;;;43, 10;47.30098;39.67714;430575,4251;2201326,551
Магазин;27, 18п, 18л, 10, 1;;;43, 10;47.3012;39.677;430600,0609;2201316,373
"Магазин ""Автозапчасти""";6;;;52, 6, 55;47.22578;39.63299;422272,0807;2197842,878
"Магазин ""Автозапчасти""";6;;;55, 52, 6;47.2252;39.63122;422209,9218;2197707,713
"Магазин ""Богатырь""";34а;;;44, 10;47.20343;39.61623;419809,4759;2196530,059
"Магазин ""Богатырь""";34а;;;44;47.20333;39.61608;419798,5577;2196518,5
"Магазин ""Богатырь""";98, 96, 94, 57, 34;;12;98, 96, 94, 93, 73, 34, 20;47.20359;39.61535;419828,4317;2196463,698
"Магазин ""Красный""";60;;;;47.23291;39.68275;423000,7275;2201624,589
"Магазин ""Красный""";60;;;;47.23284;39.68273;422992,9706;2201622,945
"Магазин ""Олимп""";;;;56, 40, 16;47.21572;39.61327;421179,7184;2196329,779
"Магазин ""Стройматериалы""";;;;8;47.21124;39.69448;420576,8674;2202473,032
"Магазин ""Стройматериалы""";;;;4;47.2112;39.69411;420572,8834;2202444,929
Мемориал;6;;;56, 6;47.24684;39.65211;424588,5044;2199330,854
мкр. Левенцовский;71, 67;;;;47.23247;39.59172;423070,7451;2194730,629
мкр. Левенцовский;71, 67;;;;47.23221;39.59286;423040,301;2194816,438
мкр. Левенцовский;26;;;;47.23607;39.58923;423474,3338;2194549,228
мкр. Суворовский;27, 18п, 18л, 1;;;43, 10;47.31803;39.6731;432476,0804;2201052,894
мкр. Суворовский;27, 18п, 18л, 10, 1;;;43, 10;47.31965;39.68382;432642,6097;2201866,351
Молкомбинат;64, 32, 16;;;;47.21184;39.61292;420748,8343;2196295,693
Молкомбинат;64, 32, 16;;;;47.21194;39.61279;420760,1245;2196286,04
Музыкальная школа;;;;48;47.21788;39.6738;421341,1339;2200918,821
Мясокомбинат;;6;;;47.23954;39.73351;423674,9808;2205480,118
Насосная;92a, 90а, 69a, 69, 42а, 36, 35а;;;92, 90;47.30787;39.78382;431211,7187;2209406,167
Насосная;92a, 90а, 69a, 69, 42а, 36, 35а;;;90, 92;47.30805;39.78368;431231,8932;2209395,889
Нахичеванский рынок;68;;;53, 24;47.23209;39.76538;422808,5709;2207880,195
Неклиновская;94, 78, 27;;;94, 78, 44, 23, 11;47.28055;39.68346;428296,1433;2201766,631
Неклиновская;96, 83, 27;;;96, 78, 44, 23, 11;47.28091;39.68345;428336,1786;2201766,542
Нефтекачка;96, 94;;;96, 94, 10;47.25553;39.61553;425602,5128;2196578,567
Нефтекачка;96, 94;;;96, 94, 10;47.2562;39.61683;425675,274;2196678,27
Новосел;57, 41, 34а, 34, 98;;12;98, 44, 34;47.20967;39.6462;420463,8578;2198812,628
Нольная линия;;1;;;47.22656;39.75102;422210,858;2206783,078
Областная больница;26, 6;;;59, 55, 40, 6;47.22522;39.61801;422229,5668;2196707,303
Областная больница;26, 6;;;59, 55, 40, 6;47.22502;39.61799;422207,3587;2196705,399
Областная больница №2;;;;40;47.25705;39.76901;425579,1814;2208198,274
Областная туб. больница;36, 28, 3а;;;92, 90, 44;47.29015;39.78368;429241,8651;2209365,256
Областная туб. больница;36, 28, 3а;;;92, 90, 44;47.29033;39.7839;429261,6204;2209382,205
Обувная фабрика;;;;53;47.23596;39.7828;423218,3668;2209205,94
Общежитие;34а;;;44;47.20522;39.64089;419976,0454;2198401,853
Общежитие;34а;;;;47.20501;39.64013;419953,6898;2198343,871
Общежитие;80, 70, 68, 54;;22;88, 80, 67, 66, 63, 55, 53, 14;47.23797;39.82098;423398,045;2212100,232
Общежитие;54, 80, 70, 68;;22;88, 80, 67, 66, 63, 55, 53, 14;47.23782;39.82347;423378,5628;2212288,518
Общежитие;69, 42а, 42, 35а, 35, 3а;;;59, 58, 24;47.2838;39.80105;428515,8307;2210668,45
Общежитие;69a, 42а, 42, 35а, 35, 3а;;;59, 58, 24;47.28379;39.80083;428514,9714;2210651,79
Общежитие РИСИ;83, 5, 22, 33, 42, 42а, 45, 46, 49, 1, 77, 92a, 65;;6;25, 45, 49, 65, 77, 83, 92;47.23885;39.71336;423622,9113;2203953,232
Общежитие РИСИ;99, 46, 47, 58, 65, 77, 78, 90, 90а, 35а, 92a, 35, 1, 33;;6;47, 49, 65, 77, 83, 92, 25;47.23933;39.71357;423676,0158;2203970,001
Общежитие ТЭЦ-2;64;;;;47.21734;39.5843;421398,7513;2194138,599
Октября;10, 1;;;43, 10;47.28287;39.66259;428580,6059;2200192,072
Октября;10, 1;;;43, 10;47.2829;39.66271;428583,7873;2200201,207
Очистные сооружения;31;;;73;47.18984;39.6803;418215,6114;2201359,122
Парк 8-го марта;9;;;;47.23208;39.67238;422921,5966;2200837,787
Пединститут;92a, 90а, 69a, 22;;;;47.28599;39.75736;428810,3573;2207367,086
Пединститут;22, 92a, 90а, 69;;;;47.2861;39.75715;428822,8363;2207351,392
пер. 2-й Поселковый;4;;8;8, 4;47.19603;39.65537;418935,6033;2199481,516
пер. 2-й Поселковый;4;;12;8, 4;47.19639;39.65563;418975,2902;2199501,898
пер. 3-й Поселковый;4;;8;8, 4;47.19425;39.65101;418743,346;2199147,756
пер. 3-й Поселковый;4;;12;8, 4;47.19465;39.65157;418787,0908;2199190,95
пер. Авиамоторный;94, 49, 1, 99, 96;;;99, 96, 94, 49, 43, 14;47.26321;39.66989;426385,5964;2200707,512
пер. Автосборочный;94, 63, 58, 42а, 42, 35а, 35, 18п, 17, 5;;;94, 66, 63, 58, 14;47.24911;39.72449;424749,8929;2204814,348
пер. Автосборочный;96, 63, 58, 42а, 42, 35а, 35, 18л, 17, 5;;;96, 66, 63, 58, 14;47.24936;39.72396;424778,334;2204774,676
пер. Ашхабадский;99, 96, 58, 35а, 35, 17, 1;;;96, 58, 56, 49, 14;47.24978;39.70715;424845,7108;2203502,923
пер. Ашхабадский;90а, 90, 47, 21, 2;;;90, 47, 21;47.25062;39.70639;424940,0382;2203446,92
пер. Ашхабадский;94, 49, 42а, 42, 17, 5, 1;;;14, 94, 58, 56, 49;47.24956;39.70573;424823,0124;2203395,029
пер. Безымянный;;7;;;47.22083;39.67703;421664,9935;2201168,967
пер. Безымянный;;7;;;47.22085;39.6764;421668,0159;2201121,288
пер. Беломорский;22;;;;47.2717;39.75207;427227,9843;2206941,818
пер. Богучаровский;96, 63, 58, 42а, 42, 35а, 35, 18л, 17, 5;;;96, 66, 63, 58, 14;47.24924;39.75185;424731,2808;2206885,739
пер. Боевой;2, 21, 22, 27, 45, 49, 83, 96, 99, 1;;;21, 14, 99, 23, 38, 43, 44, 45, 49, 78, 90, 96, 11;47.25298;39.70207;425207,771;2203124,214
пер. Боковский;80, 70, 68, 54;;22;80, 66, 55, 53;47.23354;39.78739;422943,9886;2209549,367
пер. Боковский;80, 70, 54;;22;80, 66, 55;47.23333;39.78626;422921,9544;2209463,443
пер. Братский;98, 80, 75, 70, 67, 33, 7, 3а, 3;;22, 9, 2, 1;20;47.21871;39.70129;421398,832;2203002,562
пер. Братский;98, 80, 75, 70, 67, 33, 7, 3а, 3;;22, 9, 2, 1;;47.21846;39.69954;421373,218;2202869,553
пер. Вагайский;37, 15;;;93, 48, 25, 23, 20, 12;47.22506;39.65107;422168,4978;2199210,772
пер. Вагайский;15;;;48;47.22511;39.65121;422173,8754;2199221,47
пер. Гвардейский;60, 9;;;23, 12, 93, 25;47.22853;39.69105;422503,3449;2202245,027
пер. Гвардейский;60, 9;;;93, 25, 23, 12;47.23159;39.68974;422845,1787;2202151,462
пер. Дальний;17, 6;;;56, 6;47.25041;39.67949;424950,3814;2201410,25
пер. Дальний;6;;;56, 6;47.25003;39.67953;424908,0848;2201412,572
пер. Деревянко;;;;4;47.20595;39.6822;420004,1995;2201532,965
пер. Деревянко;;;;8;47.20607;39.68277;420016,8205;2201576,372
пер. Джамбульский;51;;;;47.24525;39.68704;424367,1997;2201972,239
пер. Джамбульский;61;;;;47.24514;39.68821;424353,4992;2202060,612
пер. Дивный;37;;;93, 25, 23, 20, 12;47.2278;39.65116;422472,9953;2199222,789
пер. Днепровский;90а, 90, 89, 54, 18л;;;90, 79, 44, 95, 92;47.283;39.756;428479,5648;2207258,971
пер. Днепровский;92a, 69a, 22;;;;47.28304;39.75745;428482,2857;2207368,737
пер. Днепровский;92a, 90а, 89, 54, 22, 18п;;;95, 92, 90, 79, 44;47.28352;39.75463;428539,0082;2207156,239
пер. Доломановский;;10, 7;;;47.22299;39.69691;421880,1123;2202678,649
пер. Доломановский;;10, 7;;;47.22362;39.69594;421951,363;2202606,339
пер. Доломановский;60, 9;;;93, 25, 23, 12;47.22919;39.69459;422572,285;2202514,322
пер. Доломановский;61;;;;47.23919;39.68845;423691,716;2202067,801
пер. Доломановский;51;;;;47.23925;39.68748;423699,6059;2201994,468
пер. Забайкальский;90а, 90, 47, 21, 2;;;90, 47, 21;47.25669;39.71311;425606,556;2203966,603
пер. Забайкальский;45, 22, 21, 2;;;90, 45, 21;47.25691;39.71403;425629,8804;2204036,635
пер. Изыскательский;94, 78, 27;;;94, 78, 44, 23, 11;47.27667;39.6859;427861,7128;2201944,051
пер. Изыскательский;96, 83, 27;;;96, 78, 44, 23, 11;47.27736;39.68574;427938,6244;2201933,222
пер. Иртышский;96;;;96, 30, 19;47.28079;39.74237;428250,1943;2206223,922
пер. Иртышский;94;;;94, 30, 19;47.28064;39.74323;428232,4828;2206288,72
пер. Клязьминский;96;;;96, 30, 19;47.28223;39.73683;428416,9721;2205807,352
пер. Клязьминский;94;;;94, 30, 19;47.28187;39.73852;428374,9064;2205934,566
пер. Кольский;2;;;;47.26415;39.72873;426416,7749;2205162,216
пер. Кольский;2;;;;47.26408;39.72878;426408,9319;2205165,875
пер. Крепостной;;10, 4, 1;;;47.23112;39.73485;422737,2761;2205566,595
пер. Крепостной;;10, 6, 4, 1;;;47.23094;39.73414;422718,1255;2205512,509
пер. Крепостной;98, 80, 70, 67, 7, 3а, 3;;22, 9, 2, 1;;47.22631;39.73699;422199,9416;2205720,106
пер. Крепостной;;;5;88, 80, 67, 59, 55, 52, 40, 29, 98;47.23239;39.73297;422880,7461;2205426,493
пер. Крепостной;;;5;98, 88, 80, 67, 59, 55, 52, 40, 29;47.23247;39.73408;422888,2935;2205510,689
пер. Крепостной/ул. Красноармейская;;6;;;47.23277;39.73371;422922,0942;2205483,205
пер. Крепостной/ул. Максима Горького;;6;;;47.23122;39.73428;422749,0843;2205523,609
пер. Кущевский;4;;8;8, 4;47.20284;39.67284;419670,3166;2200818,03
пер. Майкопский;37;;;93, 25, 23, 20, 12;47.22615;39.66159;422276,1263;2200009,552
пер. Майкопский;;;;93, 25, 23, 12;47.22663;39.66282;422327,9121;2200103,606
пер. Мезенский;96;;;96, 30, 19;47.28357;39.73164;428572,237;2205417,104
пер. Мезенский;94;;;94, 30, 19;47.2839;39.73087;428609,8602;2205359,442
пер. Молодогвардейский;4;;8;73, 4;47.19265;39.63156;418590,8085;2197670,787
пер. Молодогвардейский;4;;12;73, 8;47.19479;39.63142;418828,9009;2197664,298
пер. Молочный;80, 70, 68, 54;;22;88, 80, 67, 66, 63, 55, 53, 14;47.23653;39.80926;423251,2436;2211210,426
пер. Молочный;80, 70, 54;;22;88, 80, 67, 66, 63, 55, 53, 14;47.23628;39.81071;423221,7989;2211319,8
пер. Молочный;68;;;;47.22959;39.81059;422478,1841;2211299,534
пер. Нахичеванский;98, 80, 70, 67, 7, 3а, 3;;22, 9, 2, 1;;47.22663;39.73924;422232,7976;2205891,073
пер. Обский;92a, 89, 54, 18п;;;95, 79, 44, 29;47.28535;39.7469;428751,7036;2206574,681
пер. Обский;92a, 89, 54, 18л;;;95, 79, 44, 29;47.285;39.74742;428712,1688;2206613,401
пер. Обский;90а, 90, 22;;;92, 90;47.27441;39.74151;427541,9389;2206147,56
пер. Обский;90а, 90, 22;;;92, 90;47.27479;39.74051;427585,3907;2206072,569
пер. Олимпийский;37;;;20;47.22202;39.66866;421807,936;2200537,247
пер. Олимпийский;37;;;20, 12;47.2234;39.66952;421960,2576;2200604,966
пер. Олимпийский;;7;;;47.22138;39.6687;421736,7342;2200539,078
пер. Перовский;;7;;;47.22071;39.67136;421658,8576;2200739,294
пер. Перовский;37;7;;20;47.22063;39.67148;421649,8109;2200748,233
пер. Пограничный;4;;8;8, 4;47.199;39.66239;419256,7603;2200019,049
пер. Пограничный;4;;12;8, 4;47.19944;39.66291;419305,0095;2200059,278
пер. Пржевальского;4;;12;73, 8;47.19867;39.62468;419269,1166;2197161,064
пер. Пржевальского;4;;8;73, 4;47.19887;39.62381;419292,4988;2197095,53
пер. Приволжский;9;;;93, 25, 23, 12;47.22951;39.68024;422625,9103;2201428,21
пер. Приволжский;9;;;12, 93, 25, 23;47.22989;39.68148;422666,5885;2201522,818
пер. Радиаторный;94, 78, 27;;;94, 78, 44, 23, 11;47.2731;39.68577;427464,9854;2201927,61
пер. Радиаторный;96, 83, 27;;;96, 78, 44, 23, 11;47.27353;39.68611;427512,3621;2201954,132
пер. Руднева;80, 70, 68, 54;;22;88, 80, 67, 66, 63, 55, 53, 14;47.23705;39.81715;423300,0931;2211808,709
пер. Рыбный;37;;;20;47.22172;39.68007;421760,0873;2201400,871
пер. Рыбный;37;;;20;47.21994;39.67933;421563,1358;2201341,517
пер. Рыбный;;7;;;47.22055;39.68016;421629,9011;2201405,515
пер. Рыбный;;7;;;47.22053;39.67972;421628,2343;2201372,152
пер. Сальский;22;;;;47.27279;39.74786;427354,2034;2206625,175
пер. Сальский;90а, 90, 22;;;92, 90;47.27316;39.74672;427396,7054;2206539,567
пер. Сальский;92a;;;29;47.28392;39.7524;428586,1394;2206988,239
пер. Сальский;96;;;96, 30, 19;47.27889;39.74967;428030,1975;2206772,862
пер. Сальский;94;;;94, 30, 19;47.27911;39.74925;428055,1587;2206741,473
пер. Сальский;92a, 89, 54;;;95, 44, 29;47.2841;39.75241;428606,1389;2206989,311
пер. Сальский;;;;92;47.28339;39.75298;428526,5243;2207031,186
пер. Семашко;3, 98, 80, 70, 67, 33, 7, 3а;;22, 9, 2, 1;;47.22146;39.71369;421689,202;2203946,757
пер. Семашко;98, 80, 70, 67, 7, 3а, 3;;22, 9, 2, 1;;47.22134;39.71379;421675,738;2203954,114
пер. Семашко;;10, 6, 4, 1;;;47.22609;39.71145;422206,6964;2203785,49
пер. Семашко;;10, 6, 4, 1;;;47.22593;39.71087;422189,6249;2203741,275
пер. Семашко;;;5;98, 88, 80, 67, 59, 55, 52, 40, 29;47.22751;39.71083;422365,3279;2203741,11
пер. Семашко;;;5;98, 88, 80, 67, 59, 55, 52, 40, 29;47.22767;39.71091;422383,0168;2203747,459
пер. Семашко;;;;93;47.23519;39.70802;423222,6129;2203542,263
пер. Семашко;;;;93, 25;47.23531;39.70816;423235,7804;2203553,081
пер. Сибирский;61;;;;47.24493;39.69286;424324,3182;2202412,258
пер. Сибирский;51;;;;47.24493;39.69412;424322,7408;2202507,648
пер. Соборный, пер. Семашко;;;;25;47.23177;39.70712;422843,5147;2203467,895
пер. Строительный;4;;8;8, 4;47.19187;39.6362;418498,016;2198020,912
пер. Строительный;4;;12;8, 4;47.19201;39.63515;418514,9538;2197941,61
пер. Туапсинский;42а, 42, 35а, 35, 3а;;;59, 24;47.2691;39.79639;426886,9248;2210291,035
пер. Туапсинский;42а, 42, 35а, 35, 3а;;;59, 58, 24;47.26951;39.79687;426931,9534;2210328,051
пер. Университетский;3, 98, 80, 70, 67, 7, 3а;;22, 9, 2, 1;;47.22445;39.72809;422003,9644;2205042,757
пер. Урицкого;4;;8;73, 4;47.19321;39.6294;418655,9015;2197508,18
пер. Учительский;27, 18п, 18л;;;;47.28965;39.66344;429333,2772;2200269,139
пер. Учительский;27, 18п, 18л;;;;47.28985;39.66341;429355,5505;2200267,247
пер. Халтуринский;;10, 7;;;47.22382;39.70076;421967,5859;2202971,755
пер. Халтуринский;;10, 7;;;47.2237;39.70025;421954,8801;2202932,91
пер. Халтуринский;9;;;93, 12;47.22994;39.69826;422651,0807;2202793,62
пер. Халтуринский;60, 9;;;93, 25, 23, 12;47.23276;39.69582;422967,6355;2202614,018
пер. Халтуринский;51;;;;47.23846;39.69384;423603,7994;2202474,56
пер. Халтуринский;61;;;;47.23858;39.6936;423617,4406;2202456,609
пер. Чалтырский;99, 96, 94, 49, 1;;;99, 96, 94, 49, 43, 14;47.26441;39.67495;426512,5672;2201092,692
Переезд;96, 94;;;96, 94, 10;47.25906;39.62769;425978,8842;2197505,791
Переезд;96, 94;;;96, 94, 10;47.25922;39.62618;425998,6597;2197391,815
Переходной мост;64, 4, 15, 16, 26, 34, 34а, 57, 67, 98, 41, 71;;12, 8;40, 71, 98, 55, 44, 34, 16, 67, 4, 59, 52;47.21153;39.68697;420618,5301;2201904,653
Переходной мост;16, 4, 26, 34, 34а, 41, 57, 64, 67, 71, 98, 15;;12, 8;34, 16, 40, 44, 52, 55, 59, 67, 71, 98, 8;47.21166;39.68585;420634,3925;2201820,049
Петровский причал;39;;;;47.21054;39.75263;420427,9397;2206876,919
пл. 2-й Пятилетки;99, 94, 78, 49, 27, 1;;;99, 94, 78, 49, 44, 43, 23, 14, 11;47.25977;39.68942;425978,4483;2202179,2
пл. 2-й Пятилетки;99, 96, 83, 49, 27, 1;;;99, 96, 78, 49, 44, 43, 23, 14, 11;47.25991;39.69011;425993,1464;2202231,68
пл. 339-й Стрелковой дивизии;67, 71, 94, 96, 26;;;40, 10, 20, 25, 96, 52, 59, 67, 71, 73, 93, 94, 23;47.22361;39.6304;422034,2335;2197642,546
пл. 339-й Стрелковой дивизии;94, 26, 71, 96, 67;;;23, 20, 10, 25, 59, 40, 67, 52, 96, 94, 93, 73, 71;47.22329;39.63034;421998,737;2197637,385
пл. 5-го Донского корпуса;;4, 1;;;47.21554;39.70191;421045,6424;2203043,736
пл. 5-го Донского корпуса;;4, 1;;;47.21548;39.7018;421039,1088;2203035,294
пл. 5-го Донского корпуса;26, 4, 16, 34, 34а, 41, 57, 64, 71, 15;;12, 8;8, 16, 4, 71, 48, 44, 34;47.21587;39.70152;421082,8146;2203014,796
пл. 5-го Донского корпуса;71, 15, 16, 26, 34, 34а, 41, 57, 4, 64;;12, 8;8, 16, 34, 44, 48, 71, 4;47.21566;39.70027;421061,0243;2202919,728
пл. Борко;45, 47, 77, 96, 21;;;38, 11, 19, 30, 96, 44, 45, 47, 66, 77, 95, 21;47.28259;39.71006;428489,7261;2203782,771
пл. Борко;46;;;38;47.28132;39.70721;428352,0605;2203564,85
пл. Борко;46;;;;47.28139;39.70705;428360,0409;2203552,872
пл. Гагарина;;;;93;47.23611;39.71228;423319,6281;2203866,497
пл. Гагарина;;;;93, 25;47.23618;39.71214;423327,583;2203856,023
пл. Добровольского;45, 46, 47, 77, 96, 21;;;38, 11, 21, 96, 44, 45, 47, 66, 77, 95, 19;47.29356;39.7027;429718,4288;2203246,005
пл. Добровольского;45, 46, 47, 77, 94, 21;;;38, 11, 21, 95, 44, 45, 47, 66, 77, 94, 19;47.29345;39.70294;429705,9014;2203263,957
пл. Добровольского;78, 18п, 18л;;;79, 78, 38, 23;47.29519;39.70417;429897,8173;2203360,165
пл. Добровольского;83, 18п, 18л;;;79, 78, 38, 23;47.29501;39.7039;429878,1411;2203339,415
пл. Дорожных строителей;6;;;93, 56, 55, 52, 48, 25, 23, 20, 6;47.23359;39.6392;423132,2211;2198328,141
пл. Дружинников;4;;12;8;47.21035;39.67375;420504,0662;2200900,986
пл. Дружинников;4;;8;4;47.21093;39.67413;420568,0634;2200930,855
пл. Дружинников;98, 16, 26, 34, 34а, 41, 57, 64, 67, 15, 71;;8;34, 40, 44, 52, 55, 59, 67, 71, 98, 16;47.21108;39.67288;420586,3286;2200836,442
пл. Дружинников;98, 16, 26, 34, 34а, 41, 57, 64, 67, 15, 71;;12;34, 40, 44, 52, 55, 59, 67, 71, 98, 16;47.21094;39.67126;420572,8263;2200713,458
пл. К. Маркса;80, 70, 54;;22, 2;98, 80, 66, 24;47.22997;39.7625;422576,2919;2207658,42
пл. К. Маркса;98, 67, 7, 3а, 3;;9, 1;95, 79, 19;47.23136;39.76198;422731,4392;2207621,46
пл. К. Маркса;98, 67, 54, 7;;1, 9;95, 79, 66, 24, 19;47.23153;39.76161;422750,7774;2207593,738
пл. К. Маркса;3а, 3;;;;47.23241;39.76121;422849,0844;2207564,98
пл. Комсомольская;78, 6, 21, 27, 35, 35а, 47, 51, 2, 61, 90, 90а, 99, 58;;;58, 6, 11, 21, 23, 38, 43, 44, 99, 90, 78, 47;47.23698;39.69988;423431,7211;2202929,174
пл. Комсомольская;51;;;99, 90, 78, 58, 45, 44, 43, 38, 23, 21, 11, 6;47.23842;39.70028;423591,3125;2202962,094
пл. Комсомольская;83, 49, 45, 42а, 42, 27, 22, 21, 6, 5, 2;;;;47.23855;39.69936;423606,9111;2202892,674
пл. Комсомольская;61;;;;47.23804;39.69811;423551,7713;2202797,096
пл. Королева;92a, 65, 63, 18л;;6;83, 65, 63, 56, 44, 25, 11;47.29391;39.71387;429743,5185;2204091,503
пл. Королева;92a, 83, 65, 63, 33, 18п;;6;95, 83, 65, 63, 56, 44, 25, 11;47.29425;39.71337;429781,9339;2204054,301
пл. Ленина;94, 63, 58, 42а, 42, 35а, 35, 18п, 17, 5;;;94, 66, 63, 58, 14;47.24939;39.71395;424793,953;2204016,973
пл. Ленина;83, 5, 22, 33, 42, 42а, 45, 46, 49, 1, 77, 92a, 65;;6;25, 45, 49, 65, 77, 83, 92;47.24868;39.71271;424716,5482;2203921,819
пл. Ленина;92a, 46, 47, 63, 65, 77, 78, 90, 90а, 18л, 33;;6;47, 56, 63, 65, 66, 77, 83, 92, 25;47.25032;39.71291;424898,6262;2203939,929
пл. Ленина;99, 96, 58, 35а, 35, 17, 1;;;96, 58, 56, 49, 14;47.24969;39.7118;424829,9561;2203854,762
пл. Мичурина;;7;;;47.2144;39.64672;420989,0298;2198861,028
пл. Мичурина;;;;55;47.21448;39.64644;420998,2869;2198839,97
пл. Мичурина;;7;;;47.215;39.64811;421053,931;2198967,461
пл. Плевен;96, 94;;;96, 94, 93, 73, 20, 10;47.20851;39.63513;420349,3249;2197971,777
пл. Плевен;98, 57, 34;;12;98, 44, 34;47.20807;39.63591;420299,3885;2198030,024
пл. Плевен;98, 96, 94, 57, 34;;8;98, 96, 94, 93, 73, 34, 20, 10;47.20828;39.63465;420324,3835;2197934,972
пл. Свободы;;1;;;47.22923;39.76424;422491,9632;2207788,901
пл. Свободы;80, 70, 68, 54;;22, 2;80, 66;47.22932;39.76402;422502,2292;2207772,397
пл. Свободы;;1;;;47.22909;39.76369;422477,0499;2207747,006
пл. Советов;99, 92a, 90а, 90, 78, 77, 65, 58, 47, 46, 35а, 35, 33, 1;;6;;47.22181;39.7191;421721,4597;2204357,14
пл. Стачки 1902 года;4, 98, 15, 16, 26, 34, 41, 57, 64, 67, 71, 34а;;12, 8;4, 34, 40, 44, 48, 52, 55, 59, 8, 71, 16, 98, 67;47.21383;39.69583;420863,117;2202580,05
пл. Стачки 1902 года;15, 16, 26, 34, 34а, 41, 57, 64, 67, 71, 98, 4;;12, 8;16, 8, 34, 40, 44, 48, 52, 55, 59, 67, 71, 98, 4;47.21394;39.69547;420875,796;2202552,982
пл. Страны Советов;96, 63, 58, 42а, 42, 35а, 35, 18л, 17, 5;;;96, 66, 63, 58, 14;47.24947;39.75579;424752,1491;2207184,401
пл. Страны Советов;94, 63, 58, 42а, 42, 35а, 35, 18п, 17, 5;;;94, 66, 63, 58, 14;47.24929;39.75523;424732,8052;2207141,693
пл. Театральная;98, 80, 70, 67, 7, 3а, 3;;22, 9, 2, 1;98, 80, 55;47.22774;39.74766;422346,0669;2206530,694
пл. Театральная;80, 70, 67, 7, 3а, 3, 98;;22, 9, 2, 1;98, 80;47.22764;39.74384;422339,5382;2206241,226
пл. Толстого;;1;;;47.23128;39.76579;422718,0358;2207909,837
пл. Толстого;;1;;;47.23151;39.76574;422743,6648;2207906,449
пл. Тружеников;98, 57, 41, 34а, 34;;;98, 44, 34;47.21144;39.64528;420661,8279;2198746,306
пл. Тружеников;71, 67, 64, 26, 16;;8;71, 67, 59, 52, 40, 16;47.21234;39.6443;420763,1565;2198673,784
пл. Тружеников;98, 26, 34, 34а, 41, 57, 64, 67, 71, 16;;12;34, 40, 44, 52, 55, 59, 67, 71, 98, 16;47.21202;39.64815;420722,5845;2198964,823
пл. Чкалова;94;;;94, 30, 29, 19;47.27575;39.74984;427680,9069;2206780,201
пл. Чкалова;96;;;96, 30, 29, 19;47.27555;39.74936;427659,2467;2206743,531
пл. Чкалова;90а, 90, 22;;;92, 90;47.27566;39.74869;427672,2785;2206693,031
пл. Чкалова;90а, 90;;;92, 90;47.27524;39.74851;427625,801;2206678,672
пл. Энергетиков;;;5;93, 88, 67, 59, 52, 40, 29;47.23617;39.7398;423292,7153;2205950,387
пл. Энергетиков;;;5;93, 88, 67, 59, 52, 40, 29;47.23619;39.73851;423296,4966;2205852,746
Пожарная часть;;;;19;47.26684;39.75687;426681,9536;2207296,526
Пожарная часть;;;;19;47.26701;39.75737;426700,2582;2207334,661
Покровский Храм;77;;;;47.29976;39.6964;430415,559;2202780,874
Поликлиника;;;;8;47.20778;39.68809;420200,2235;2201982,579
Поликлиника;;;;4;47.20782;39.68798;420204,8087;2201974,319
Поликлиника;94, 63, 58, 42а, 42, 35а, 35, 18п, 17, 5;;;94, 66, 63, 58, 14;47.24896;39.74933;424703,1672;2206694,482
Поликлиника;96, 63, 58, 42а, 42, 35а, 35, 18л, 17, 5;;;96, 66, 63, 58, 14;47.24911;39.7468;424722,8765;2206503,224
Поликлиника;6;;;56, 6;47.24654;39.67633;424524,1438;2201163,833
Поликлиника;6;;;56, 6;47.24642;39.67679;424510,2195;2201198,434
Поликлиника;45, 22, 21, 2;;;90, 45, 38, 21;47.2547;39.70738;425392,4002;2203529,282
Поликлиника;90а, 90, 47, 21, 2;;;90, 47, 21;47.25451;39.70648;425372,3921;2203460,813
Поликлиника №16;92a, 78, 65, 63, 33, 18л;;6;95, 83, 65, 63, 56, 44, 25, 11;47.2851;39.71588;428761,5983;2204227,606
Поликлиника №16;92a, 83, 65, 63, 33, 18п;;6;95, 83, 65, 63, 56, 44, 25, 11;47.28503;39.71554;428754,2344;2204201,759
Поликлиника №4;92a, 90а, 69a, 22;;;;47.28886;39.75735;429129,4398;2207371,348
Поликлиника №4;92a, 90а, 69, 22;;;;47.28817;39.75718;429052,9317;2207357,282
Поликлиника больницы №20;98, 96, 94, 57, 34;;12;98, 96, 94, 93, 73, 34, 20, 10;47.20772;39.62219;420278,514;2196989,937
пос. Автосборочный;2;;;;47.26436;39.74022;426426,1951;2206032,14
пос. Геофизиков;70;;;14;47.24299;39.83932;423935,6103;2213497,057
пос. Геофизиков;70;;;14;47.24246;39.83838;423877,7323;2213425,025
пос. Камышеваха;90а, 36;;;;47.31241;39.79008;431709,1854;2209887,257
пос. Кирпичный;70;;;14;47.25109;39.83612;424839,6773;2213268,031
пос. Кирпичный;70;;;14;47.25072;39.83914;424795,1848;2213496,035
пос. Кирпичный;70;;;14;47.25064;39.83902;424786,4241;2213486,821
пос. Мирный;90а, 90, 22;;;92, 90;47.27485;39.73464;427599,158;2205628,53
пос. Мирный;90а, 90, 22;;;92, 90;47.27479;39.73524;427591,7606;2205673,821
пос. Мясникован;92a, 83, 78, 33, 18п;;;95, 83, 79, 78, 56, 44, 29, 25, 23;47.29582;39.72776;429938,8438;2205145,515
пос. Мясникован;92a, 83, 78, 33, 18л;;;95, 83, 79, 78, 56, 44, 29, 25, 23;47.29567;39.72772;429922,2164;2205142,221
пос. Пилотов;7;;9;95, 93;47.26507;39.81428;426418,4398;2211638,091
пос. Пилотов;7;;9;95, 93;47.26549;39.81405;426465,3939;2211621,385
пос. Фрунзе;14;;;63;47.2461;39.79735;424328,8169;2210324,794
Пост ГИБДД;96, 94;;;96, 94, 10;47.26015;39.622;426107,5653;2197077,254
Пост ГИБДД;96, 94;;;96, 94, 10;47.25993;39.6218;426083,3714;2197061,69
Почта;37, 15;;;93, 48, 25, 23, 20;47.23326;39.64082;423093,4217;2198450,18
Почта;37, 15;;;93, 48, 25, 23, 20;47.23329;39.64102;423096,4963;2198465,382
Почта;68;;;;47.22968;39.81465;422483,5763;2211607,141
пр. 20-летия Октября;42а, 42, 36, 35а, 35, 28, 3а;;;59, 58, 24;47.26697;39.78622;426661,8891;2209517,815
пр. 20-летия Октября;42а, 42, 36, 35а, 35, 3а;;;59, 58, 24;47.26706;39.78612;426672,011;2209510,401
пр. 40 лет Победы;80, 70, 68, 54;;22;88, 80, 67, 66, 63, 55, 53, 14;47.23893;39.83049;423494,0868;2212821,873
пр. 40 лет Победы;80, 70, 68, 54;;22;88, 80, 67, 66, 63, 55, 53, 14;47.23929;39.83031;423534,3108;2212808,836
пр. 40 лет Победы, 99;80, 54;;;88, 80, 67, 66, 63, 55, 53;47.24243;39.83417;423879,0841;2213106,236
пр. 40 лет Победы, 99;80, 54;;;88, 80, 67, 66, 63, 55, 53;47.24174;39.8349;423801,5602;2213160,375
пр. Буденновский;;7;;;47.22468;39.70521;422057,6646;2203310,348
пр. Буденновский;;1, 10, 6, 4;;;47.22495;39.70605;422086,6396;2203374,457
пр. Буденновский;;10, 6, 4, 1;;;47.22488;39.70605;422078,8575;2203374,329
пр. Буденновский;98, 80, 70, 67, 7, 3а, 3;;22, 9, 2, 1;;47.22023;39.70869;421558,633;2203565,825
пр. Буденновский;98, 80, 70, 67, 33, 7, 3а, 3;;22, 9, 2, 1;;47.21984;39.70622;421518,3344;2203378,034
пр. Буденновский;60, 9;;;93, 25, 23, 12;47.23075;39.70219;422736,2366;2203092,708
пр. Будённовский;;;5;98, 88, 80, 67, 59, 55, 52, 40, 29;47.22636;39.70555;422244,0137;2203339,156
пр. Будённовский;21;;5;98, 88, 80, 67, 59, 55, 52, 40, 29, 21;47.22612;39.70374;422219,5786;2203201,643
пр. Буденновский, 103 по требованию;61;;;;47.24067;39.70185;423839,4986;2203085,077
пр. Буденновский, 108;51;;;;47.24177;39.70181;423961,8391;2203084,058
пр. Ворошиловский;;10, 6, 4, 1;;;47.22704;39.71609;422306,5932;2204138,608
пр. Ворошиловский;;;22, 9, 2, 1;;47.22262;39.71982;421810,6267;2204413,13
пр. Ворошиловский;98, 80, 70, 67, 33, 7, 3а, 3;;22, 9, 2, 1;;47.22225;39.7174;421772,4634;2204229,176
пр. Ворошиловский;;;5;29, 98, 88, 80, 67, 59, 55, 52, 40;47.22863;39.7155;422484,0845;2204096,798
пр. Ворошиловский;;;5;98, 88, 80, 67, 59, 55, 52, 40, 29;47.22898;39.71787;422520,0814;2204276,908
пр. Ворошиловский;98, 80, 70, 67, 7, 3а, 3;;;;47.22218;39.71774;421764,2635;2204254,801
пр. Ворошиловский/ул. МаксимаГорького;;4, 1, 10, 6;;;47.22736;39.71731;422340,6688;2204231,578
пр. Кировский;;10, 6, 4, 1;;;47.22991;39.72914;422609,6915;2205132,037
пр. Кировский;;10, 6, 4, 1;;;47.22986;39.72914;422604,1329;2205131,947
пр. Кировский;98, 80, 70, 67, 7, 3а, 3;;22, 9, 2, 1;;47.22515;39.73194;422077,1021;2205335,587
пр. Кировский;;;5;98, 88, 80, 67, 59, 55, 52, 40, 29;47.23147;39.72858;422783,8037;2205092,418
пр. Кировский;;;5;98, 88, 80, 67, 59, 55, 52, 40, 29;47.23132;39.72863;422767,0669;2205095,936
пр. Королева;92a, 78, 18п;;;95, 79, 78, 56, 44, 38, 29, 25, 23;47.29567;39.71509;429937,6833;2204186,964
пр. Королева;92a, 83, 78, 33, 18л;;;95, 83, 79, 78, 56, 44, 29, 25, 23;47.29539;39.71482;429906,8868;2204166,036
пр. Королева, 15;78, 18п, 18л;;;79, 78, 38, 23;47.29507;39.70971;429877,6141;2203778,963
пр. Королева, 15;83, 18п, 18л;;;79, 78, 38, 23;47.2948;39.70924;429848,1781;2203742,924
пр. Королева, 4;94, 78, 18п, 18л;;;94, 79, 78, 44, 23, 11;47.29158;39.69491;429508,0143;2202653,154
пр. Королева, 4;18п, 21, 45, 47, 83, 96, 18л;;;21, 19, 96, 23, 44, 45, 47, 66, 78, 79, 11;47.29157;39.69547;429506,2026;2202695,494
пр. Космонавтов;;;;30;47.29045;39.71626;429355,9136;2204266,021
пр. Космонавтов;;;;30;47.29032;39.71597;429341,8175;2204243,85
пр. Маршала Жукова;26;;;73, 67, 59, 55, 48;47.23406;39.60106;423234,9367;2195441,021
пр. Маршала Жукова;26;;;73, 67, 59, 55, 48;47.23393;39.60134;423220,1086;2195461,967
пр. Маршала Жукова/Еременко;71, 67, 26;;;73, 67, 59, 55, 48;47.23216;39.60173;423022,8095;2195488,013
пр. Мира;98, 67;;;52;47.24379;39.76618;424108,3561;2207961,069
пр. Сельмаш;54, 3а, 3;;5;79, 66, 59, 40, 29, 24, 19;47.2439;39.76541;424121,4951;2207902,965
пр. Сиверса;;;;58, 20;47.22417;39.68727;422023,3785;2201950,718
пр. Солженицына;26;;;;47.23551;39.59055;423410,2917;2194648,065
пр. Солженицына;26;;;;47.23573;39.59052;423434,7903;2194646,23
пр. Стачки;;;;56, 40, 16;47.21228;39.61381;420796,5667;2196363,972
пр. Стачки;;;;56, 25, 23;47.21145;39.61339;420704,8519;2196330,536
пр. Стачки, 217;64, 16;;;25, 23, 16;47.21226;39.63077;420771,9372;2197648,698
пр. Стачки, 217;64, 16;;;25, 23, 16;47.21237;39.63003;420785,1379;2197592,853
пр. Стачки, 223;64, 16;;;25, 23, 16;47.21217;39.62502;420769,4967;2197212,946
пр. Стачки, 223;64, 16;;;25, 23, 16;47.21222;39.62419;420776,15;2197150,168
пр. Стачки, 231;64, 16;;;25, 23, 16;47.21195;39.61937;420752,5036;2196784,515
пр. Стачки, 231;64, 16;;;25, 23, 16;47.21204;39.61815;420764,1251;2196692,271
пр. Стачки/ул. Зорге;71, 67, 64, 26, 16;;;71, 67, 59, 52, 40, 16;47.21234;39.63601;420773,9648;2198045,795
пр. Чехова;;10, 6, 4, 1;;;47.22846;39.72229;422456,8518;2204610,696
пр. Чехова;;10, 6, 4, 1;;;47.2283;39.7218;422439,664;2204573,301
пр. Чехова;98, 80, 70, 67, 7, 3а, 3;;2, 1, 22, 9;;47.22362;39.72452;421916,0464;2204770,893
пр. Чехова;98, 80, 70, 67, 7, 3а, 3;;22, 9, 2, 1;;47.22351;39.72352;421905,0397;2204694,959
пр. Чехова;;;5;98, 88, 80, 67, 59, 55, 52, 40, 29;47.22982;39.72113;422609,4679;2204525,296
пр. Чехова;;;5;98, 88, 80, 67, 59, 55, 52, 40, 29;47.22978;39.72162;422604,4208;2204562,33
пр. Шолохова;98, 67, 54, 7, 3а, 3;;9, 1;66, 24, 19, 95, 79;47.23995;39.75808;423691,0501;2207341,129
пр. Шолохова;98, 67, 54, 7, 3а, 3;;9, 1;95, 79, 66, 24, 19;47.24041;39.75793;423742,3684;2207330,575
"Правление с/т ""Мичуринец""";69, 42а, 35а, 35, 3а;;;;47.29859;39.79457;430167,5589;2210203,309
"Правление с/т ""Мичуринец""";69a, 42а, 35а, 35, 3а;;;;47.29849;39.79483;430156,1416;2210222,803
Пригородный автовокзал;3а, 7, 54, 67, 98, 3;;9, 1, 5;59, 19, 24, 29, 52, 66, 67, 79, 88, 93, 95, 40;47.24182;39.76184;423894,4802;2207629,067
Пригородный автовокзал;3, 54, 67, 98, 3а, 7;;1, 5, 9;67, 19, 24, 29, 40, 52, 66, 79, 88, 93, 95, 59;47.24322;39.76507;424046,299;2207876,043
Пригородный ЖДВ;3а, 7, 33, 70, 75, 80, 3;;22, 1, 2, 9;55, 20, 38, 52, 67, 78, 90, 98, 99, 40;47.21808;39.69486;421336,8146;2202514,374
Пригородный ЖДВ;3а, 7, 31, 33, 39, 70, 80, 3;;22, 1, 2, 9;55, 20, 38, 52, 58, 59, 67, 78, 90, 98, 99, 40;47.21788;39.69462;421314,8802;2202495,828
Пригородный ЖДВ;;4, 1;;;47.21779;39.6946;421304,8997;2202494,148
Пригородный ЖДВ;98, 67, 39;;;98, 67, 59, 55, 52, 40;47.21714;39.69605;421230,8245;2202602,786
Промежуточная;27, 18п, 18л;;;;47.28423;39.67244;428719,2245;2200939,788
Путепровод;6;;;56, 6;47.2474;39.65517;424646,8124;2199563,567
Путепровод;6;;;56, 6;47.24725;39.65526;424630,0204;2199570,096
Пчелка;89;;;;47.29481;39.74166;429809,7148;2206195,035
Рабочая площадь;15;;;;47.2144;39.66307;420967,9472;2200099,535
Рабочая площадь;15;;;;47.21418;39.66322;420943,297;2200110,484
Рабочая площадь;;;;48;47.21663;39.6651;421213,2631;2200257,494
Рабочий городок;61;;;;47.24374;39.70149;424181,2489;2203063,429
Рабочий городок;51;;;;47.24406;39.70161;424216,6751;2203073,099
Радуга;;;;55;47.22842;39.64098;422555,1359;2198453,038
Радуга;;;;55;47.22918;39.64083;422639,8228;2198443,132
Расковой;80, 70, 68, 54;;22;88, 80, 67, 66, 63, 55, 53, 14;47.23582;39.8036;423178,7757;2210780,666
Расковой;80, 70, 54;;22;88, 80, 67, 66, 63, 55, 53, 14;47.23555;39.8043;423147,9575;2210833,216
РГУПС;99, 6, 21, 27, 35, 35а, 47, 58, 78, 90, 2, 90а;;;99, 11, 21, 23, 38, 43, 44, 47, 58, 78, 90, 6;47.24862;39.69699;424729,3839;2202731,69
РГУПС;17, 6;;;56, 6;47.25003;39.69592;424887,475;2202653,278
РГУПС;2, 21, 22, 27, 45, 49, 83, 96, 99, 1;;;21, 14, 99, 23, 38, 43, 44, 45, 49, 78, 90, 96, 11;47.2517;39.69818;425070,3134;2202827,417
РГУПС;94, 49, 1;;;56;47.24981;39.69871;424859,5344;2202864,075
РЗНО;96, 89, 54, 28, 18л;;;96, 79, 30, 29;47.26739;39.76202;426736,9822;2207687,211
РЗНО;94, 89, 54, 18п;;;94, 79, 30, 29;47.26732;39.76254;426728,5838;2207726,44
"р-к ""Верхний Темерник""";89, 83, 78, 69a, 69, 33;;;83, 78, 56, 25, 23;47.30112;39.74579;430506,2583;2206518,548
"р-к ""Верхний Темерник""";69a, 69, 54;;;83, 78, 56, 25, 23;47.30082;39.74539;430473,3864;2206487,768
"р-к ""Нижний Темерник""";92a, 83, 78, 33, 18п;;;95, 83, 79, 78, 56, 44, 29, 25, 23;47.29245;39.7325;429558,4212;2205498,006
"р-к ""Нижний Темерник""";92a, 83, 78, 33, 18л;;;95, 83, 79, 78, 56, 44, 29, 25, 23;47.29207;39.73245;429516,2356;2205493,546
р-к Алмаз;;;;95, 93;47.27086;39.82288;427052,4174;2212298,5
РКБ з/д ЖБК;;;;19;47.25395;39.75378;425252,6043;2207040,095
РКБ з/д ЖБК;;;;19;47.25416;39.75369;425276,0582;2207033,651
РМПАТП-6;77;;;95, 77;47.29657;39.70217;430053,7226;2203211,418
РМПАТП-6;77;;;95, 77;47.29734;39.70184;430139,7372;2203187,867
Ровенская;;7;;;47.22042;39.64476;421660,8346;2198724,038
Ровенская;;7;;;47.2203;39.6448;421647,4419;2198726,839
Роддом;15;;;48;47.21848;39.65941;421426,2291;2199829,986
Роддом;15;;;48;47.21928;39.65865;421516,1443;2199773,931
Роставто;31;;;73;47.19327;39.68727;418588,1403;2201893,672
Роставто;31;;;73;47.19179;39.6849;418426,5895;2201711,337
Ростовское море;90а, 36, 35а;;;92, 90;47.31285;39.7854;431763,5321;2209534,153
Ростовское море;92a, 90а, 69a, 69, 42а, 36, 35а;;;92, 90;47.31295;39.78475;431775,4054;2209485,178
Ростовтехоптторг;;;;48, 40, 16;47.23783;39.59945;423656,2201;2195326,544
Ростовтехоптторг;;;;48, 40, 16;47.23739;39.60113;423605,0487;2195452,88
Ростов-Товарная;96, 94;;;96, 94, 71, 10;47.25183;39.61427;425192,8449;2196475,976
Ростов-Товарная;96, 94;;;96, 94, 71, 10;47.25127;39.614;425130,9467;2196454,445
Ростов-Товарная;;10, 4;;;47.24387;39.75197;424134,1348;2206885,398
Ростов-Товарная;;10, 4;;;47.24404;39.75218;424152,7833;2206901,595
Роща;80, 70, 68, 54;;22;80, 66, 55, 53, 14;47.23513;39.79799;423108,5048;2210354,714
Роща;80, 70, 54;;22;88, 80, 67, 66, 63, 55, 53, 14;47.23489;39.79905;423080,6042;2210434,573
Роща;;;;88, 67, 63, 14;47.23559;39.79865;423158,8856;2210405,466
Рощинская;92a, 90а, 69a, 69, 42а, 36, 35а, 28;;;92, 90;47.29868;39.78359;430190,2898;2209373,046
Рощинская;36, 28;;;92, 90;47.29819;39.78386;430135,4998;2209392,627
Рощинская;69, 42а, 35а, 35, 3а;;;;47.29855;39.78532;430173,8243;2209503,663
Рощинская;69a, 42а, 35а, 35, 3а;;;;47.29846;39.78564;430163,4466;2209527,711
Рынок;80, 54;;;88, 80, 67, 63, 55;47.24291;39.834;423932,6372;2213094,152
Рынок;99, 96, 94, 49, 10;;;99, 96, 94, 49, 10;47.2621;39.65647;426279,3879;2199689,785
Рынок;99, 96, 94, 49, 10;;;99, 96, 94, 49, 14, 10;47.26206;39.65569;426275,9457;2199630,677
"Рынок ""Геркулес""";89, 83, 78, 54, 33;;;83, 78, 56, 25, 23;47.29298;39.73483;429614,518;2205675,188
"Рынок ""Геркулес""";89, 83, 78, 54, 33;;;56, 25, 23, 83, 78;47.29369;39.73466;429693,6579;2205663,594
"Рынок ""Донской""";96, 89, 54, 28, 18л;;;96, 79, 30, 29;47.26615;39.76667;426593,6252;2208036,946
"Рынок ""Донской""";94, 89, 54, 18п;;;94, 79, 30, 29;47.26639;39.76617;426620,8975;2207999,525
"Рынок ""Классика""";;;;95, 93;47.27437;39.81781;427448,3618;2211920,689
"Рынок ""Классика""";;;;95, 93;47.27441;39.81559;427455,3223;2211752,78
"Рынок ""Лидер""";;;;88, 67, 63, 14;47.24126;39.79911;423788,7115;2210449,866
"Рынок ""Лидер""";;;;88, 67, 63, 14;47.24181;39.79902;423849,9605;2210443,98
"Рынок ""Лимузин-Агро""";;;;71;47.25422;39.60762;425467,4068;2195977,283
"Рынок ""Лимузин-Агро""";;;;71;47.2541;39.60886;425452,4111;2196070,907
"Рынок ""Меркурий""";36, 28, 3а;;;92, 90;47.29239;39.78376;429490,8031;2209375,14
"Рынок ""Меркурий""";;;;44;47.29249;39.78085;429505,3122;2209155,203
"С/о ""Виноградарь""";35а, 92a, 90а, 69, 42а, 36;;;92, 90;47.3046;39.78378;430848,2234;2209397,546
"С/о ""Виноградарь""";92a, 90а, 69a, 69, 42а, 36, 35а;;;92, 90;47.30457;39.78363;430845,0628;2209386,152
"С/т ""Братство""";10, 1;;;43, 10;47.28842;39.66155;429198,9556;2200123,856
"С/т ""Братство""";10, 1;;;43, 10;47.28836;39.6614;429192,4776;2200112,397
"С/т ""Вираж""";10, 1;;;43, 10;47.29254;39.66049;429658,3535;2200051,447
"С/т ""Вираж""";27, 18п, 18л, 10, 1;;;43, 10;47.29329;39.66077;429741,3748;2200074,041
"С/т ""Мичуринец"", пос. Камышеваха";69, 42а, 35а, 35, 3а;;;;47.2986;39.80233;430159,7479;2210790,214
"С/т ""Мичуринец"", пос. Камышеваха";35, 3а, 69a, 42а, 35а;;;;47.2985;39.80266;430148,2523;2210815,004
"С/т ""Салют""";27, 18п, 18л, 10, 1;;;43, 10;47.2959;39.66603;430024,8019;2200476,797
"С/т ""Салют""";27, 18п, 18л, 10, 1;;;43, 10;47.2959;39.66583;430025,0576;2200461,67
"С/т ""Спутник""";27, 18п, 18л;;;;47.28584;39.66697;428905,1882;2200529,004
"С/т ""Спутник""";27, 18п, 18л;;;;47.28529;39.66767;428843,1484;2200580,925
"С/т ""Спутник""";10, 1;;;43, 10;47.28576;39.66211;428902,5143;2200161,205
"С/т ""Спутник""";10, 1;;;43, 10;47.28579;39.66195;428906,0547;2200149,157
"С/т ""Энергия""";27, 10;;;;47.29714;39.67034;430157,1574;2200805,1
"С/т ""Энергия""";27, 18п, 18л, 10, 1;;;43, 10;47.29723;39.6702;430167,3415;2200794,68
Сады;34а;;;44;47.20627;39.6458;420086,3902;2198775,848
Сады;37, 15;;;93, 48, 25, 23, 20;47.23015;39.64468;422742,6511;2198736,537
Сады;37, 15;;;93, 48, 25, 23, 20;47.23011;39.64497;422737,8274;2198758,422
Сады;35, 3а, 42а, 42;;;93, 59, 58, 24;47.27781;39.80283;427847,8549;2210793,025
Сады;42а, 42, 35, 3а;;;93, 59;47.27791;39.80273;427859,0869;2210785,627
Сады;90а, 36;;;;47.31247;39.79041;431715,4739;2209912,311
Сады;69a, 69, 35, 22;;;;47.29831;39.75652;430181,0273;2207325,1
Сады;69a, 69, 35, 22;;;;47.2985;39.75666;430201,9838;2207336,021
Сады;69a;;;95, 58;47.27762;39.80158;427828,1646;2210698,13
"Сады ""Виноградарь""";69a, 69, 28;;;;47.30469;39.78303;430859,1024;2209340,984
"Сады ""За дружбу""";27, 18п, 18л;;;;47.28808;39.66489;429156,8775;2200375,869
"Сады ""За дружбу""";27, 18п, 18л;;;;47.28811;39.66503;429160,0336;2200386,515
"Сады ""Звезда""";27, 18п, 18л;;;;47.28414;39.67308;428708,4049;2200988,036
Сады Геологов;27, 18п, 18л;;;;47.29232;39.66104;429633,1893;2200092,633
Сады Геологов;27, 18п, 18л;;;;47.29193;39.66155;429589,177;2200130,474
Сады СКВО;10, 1;;;43, 10;47.27481;39.66431;427682,3405;2200307,033
Сады СКВО;10, 1;;;43, 10;47.27412;39.66459;427605,2721;2200326,921
Сбербанк;;;;48;47.21543;39.6826;421057,6123;2201580,835
Сбербанк;;;;48;47.21524;39.6829;421036,1108;2201603,208
Свято-Иверский женский монастырь;;;;78, 44, 23, 11;47.28242;39.69437;428490,3337;2202595,469
Северный рынок;92a, 21, 33, 45, 47, 63, 65, 77, 78, 18л;;6;25, 45, 47, 56, 63, 65, 66, 77, 83, 21;47.28091;39.71683;428294,6102;2204291,904
Северный рынок;92a, 21, 33, 45, 47, 63, 65, 77, 83, 18п;;6;25, 38, 45, 47, 56, 63, 65, 66, 77, 83, 21;47.28131;39.71649;428339,4978;2204266,904
Сельмаш;;10, 4;;;47.25427;39.76499;425274,8636;2207889,176
Сельмаш;98, 67, 54, 11, 3а, 3;;5, 1;79, 66, 59, 40, 29, 24, 19;47.25445;39.76536;425294,4374;2207917,495
Сельмаш;63, 58, 42а, 42, 35а, 35, 17, 5;;;63, 19, 14;47.25378;39.76347;425222,1869;2207773,27
Сельмаш;94, 36, 28, 14;;;94, 66, 58, 30;47.25494;39.76415;425350,3437;2207826,758
Сельмаш;89, 18п;;;;47.25599;39.7647;425466,4256;2207870,213
СИ и ТО;94, 89, 54, 18п;;;94, 79, 30, 29, 19;47.27069;39.76212;427103,7383;2207700,525
СИ и ТО;96, 89, 54, 28, 18л;;;96, 79, 30, 29, 19;47.27097;39.76206;427134,9382;2207696,472
СИ и ТО;90;;;;47.2723;39.76128;427283,7246;2207639,768
Сиверса;;10, 7;;;47.22374;39.68802;421974,6308;2202006,726
Сиверса;;10, 7;;58, 20;47.22399;39.68729;422003,3422;2201951,9
Сказка;98, 96, 94, 57, 34;;8;98, 96, 94, 93, 73, 34, 20, 10;47.20789;39.62471;420294,0869;2197181,179
СКЛП;31;;;73;47.20041;39.69844;419367,9201;2202753,198
СКЛП;31;;;73;47.2004;39.69826;419367,0329;2202739,541
СМП-550;70;;;14;47.25157;39.83194;424897,7035;2212952,402
Смычка;;;;8;47.1914;39.6229;418463,2431;2197012,105
Смычка;;;;4;47.19156;39.62271;418481,2816;2196998,017
"Совхоз ""Декоративные культуры""";90а, 36;;;;47.31249;39.79586;431711,4029;2210324,42
Совхоз СКВО;27, 18п, 18л, 10, 1;;;43, 10;47.30367;39.67705;430874,5985;2201324,757
Совхоз СКВО;27, 18п, 18л, 10, 1;;;43, 10;47.30366;39.677;430873,5501;2201320,958
Солидарности;68;;;;47.23007;39.79341;422551,2461;2209999,334
Соловушки;90, 89, 69, 54, 18л;;;95, 92, 90, 79, 44;47.28125;39.76289;428276,8261;2207777,168
Соловушки;89, 69a, 54, 22, 18п;;;95, 92, 90, 79, 44;47.28157;39.7619;428313,575;2207702,828
Спортивный комплекс;34а;;;44;47.20355;39.62568;419810,3195;2197246,273
Спортивный комплекс;34а;;;44;47.20348;39.6263;419801,7206;2197293,112
"СТ ""Агропром""";92a;;;;47.31404;39.7712;431912,4351;2208462,555
Ст. Первомайская;96, 94;;;98, 96, 94;47.20029;39.60731;419472,2704;2195848,08
Стадион СКА;90а, 90, 22;;;92, 90;47.27345;39.72992;427449,245;2205268,895
Стадион СКА;90а, 90, 22;;;92, 90;47.27315;39.72807;427418,1448;2205128,376
Стартовая;47, 45, 21;;;19, 66, 47, 45, 21;47.28892;39.69251;429215,2944;2202466,721
Стартовая-1;47, 45, 21;;;66, 47, 45, 21, 19;47.2942;39.69339;429801,1928;2202543,003
Стартовая-2;47, 45, 21;;;66, 47, 45, 21, 19;47.29344;39.68933;429721,7906;2202234,518
Столбовая;27, 18п, 18л;;;;47.28398;39.67785;428684,5627;2201348,59
Столбовая;27, 18п, 18л;;;;47.28405;39.67781;428692,3956;2201345,694
Стретенский храм;68;;;;47.23179;39.81889;422713,3517;2211931,73
Стройгородок;99, 96, 94, 49, 10;;;99, 96, 94, 49, 10;47.25824;39.64545;425864,508;2198848,41
Стройгородок;99, 96, 94, 49, 10;;;99, 96, 94, 49, 10;47.25821;39.64633;425860,0305;2198914,958
"Супермаркет ""О`КЕЙ""";;;;30;47.28927;39.70564;429237,8413;2203460,559
"Супермаркет ""О`КЕЙ""";;;;30;47.28904;39.70422;429214,0329;2203352,726
"Супермаркет ""Тихий Дон""";;;;99, 90, 78, 58, 38, 6;47.21341;39.70967;420799,2213;2203627,677
"Супермаркет ""Тихий Дон""";;;;99, 90, 78, 58, 38, 20, 6;47.2135;39.70937;420809,5978;2203605,115
Табачная фабрика;31;;;73;47.19625;39.69178;418913,7702;2202240,92
Театральный/Горького;;10, 4, 1;;;47.2321;39.73982;422840,2154;2205944,69
ТК Лента;;;;73, 55;47.23676;39.59887;423538,0442;2195280,517
Торговое училище;94, 63, 58, 42а, 42, 35а, 35, 18п, 17, 5;;;94, 66, 63, 58, 14;47.24893;39.74301;424707,4207;2206216,001
Торговое училище;96, 63, 58, 42а, 42, 35а, 35, 18л, 17, 5;;;96, 66, 63, 58, 14;47.24905;39.74237;424721,5321;2206167,765
Торговый центр;71, 67, 26;;;73, 67, 59, 55, 48;47.23212;39.61041;423006,7593;2196145,221
Торговый центр;71, 67, 26;;;73, 67, 59, 55, 48;47.23241;39.60795;423042,2805;2195959,508
Тренёва;41, 34а, 34, 26, 16, 15, 67, 71, 98, 57, 64;;8;67, 16, 34, 40, 44, 52, 59, 71, 98, 55;47.21137;39.66579;420627,6116;2200299,887
"ТРЦ ""Горизонт""";92a, 18п, 21, 22, 33, 45, 46, 47, 63, 65, 77, 83, 2, 90а, 90;;6;21, 25, 45, 47, 56, 63, 65, 66, 77, 83, 90, 92;47.25983;39.7177;425949,9933;2204319,683
"ТРЦ ""Горизонт""";45, 2, 18л, 21, 33, 46, 47, 63, 65, 78, 90, 90а, 92a, 77, 22;;6;25, 63, 65, 66, 77, 83, 90, 92, 45, 21, 56, 47;47.26037;39.71823;426009,3763;2204360,77
"ТЦ ""МегаМаг""";75, 31;;;73;47.20302;39.72341;419627,2403;2204649,852
"ТЦ ""Меркурий""";36, 28, 3а;;;92, 90;47.29284;39.78391;429540,6571;2209387,256
"ТЦ ""МЕТРО""";;;;52, 40, 16;47.23737;39.60744;423594,3793;2195930,614
"ТЦ ""Тимоша""";39;;;;47.20933;39.8082;420228,5354;2211084,624
ТЭЦ-2;32;;;;47.21383;39.5806;421013,5669;2193851,327
ТЭЦ-2;64, 32;;;;47.21359;39.58086;420986,5316;2193870,542
УЖКХ;11;;;;47.25658;39.77363;425521,4951;2208547,148
УЖКХ;11;;;52;47.25661;39.77405;425524,3373;2208578,989
ул. 12-го Декабря;3;;;;47.26693;39.77814;426666,8613;2208906,292
ул. 12-го Декабря;3;;;;47.2666;39.77787;426630,4896;2208885,293
ул. 12-го февраля;60;;;;47.23659;39.67607;423418,299;2201125,612
ул. 12-го февраля;60;;;;47.23624;39.67601;423379,4645;2201120,417
ул. 12-го февраля;9;;;;47.23681;39.6718;423448,1839;2200802,707
ул. 12-го февраля;9;;;;47.23717;39.67181;423488,1935;2200804,137
ул. 1-й Конной Армии;54, 11, 3а, 3;;5, 1;79, 66, 59, 40, 29, 24, 19;47.25169;39.76487;424988,177;2207875,612
ул. 1-я Героическая;;;;29, 11;47.32207;39.74604;432835,0714;2206574,44
ул. 1-я Героическая;;;;29, 11;47.32175;39.74501;432800,7326;2206496,01
ул. 1-я Майская, 3;;;;98, 80;47.23215;39.76112;422820,2861;2207557,712
ул. 2-я Кольцевая;41, 16, 26, 34а, 57, 64, 67, 71, 98, 34;;8;44, 16, 52, 34, 40, 98, 71, 67, 59, 55;47.21184;39.65645;420691,8499;2199593,233
ул. 2-я Кольцевая;98, 26, 34, 34а, 41, 57, 64, 67, 71, 16;;12;34, 40, 44, 52, 55, 59, 67, 71, 98, 16;47.21156;39.6582;420658,4691;2199725,273
ул. 2-я Краснодарская;32;;;56, 25, 23;47.20345;39.61364;419815,1396;2196333,866
ул. 2-я Краснодарская;34, 57, 94, 96, 98, 32;;8;34, 20, 25, 56, 73, 93, 94, 96, 98, 23;47.20352;39.61337;419823,2807;2196313,546
ул. 2-я Луговая, 28;31;;;;47.19253;39.68987;418502,6049;2202089,337
ул. 38-я линия;;;;53, 24;47.23443;39.77328;423059,4082;2208482,455
ул. 38-я линия;68;;;53;47.23468;39.77418;423086,145;2208551,035
ул. 50-летия РСМ;89, 69, 54;;;95, 92, 90, 44;47.28019;39.76768;428153,3191;2208137,716
ул. 5-я Кольцевая;;7;;;47.21835;39.65412;421418,5882;2199429,055
ул. 5-я Кольцевая;;7;;;47.21821;39.65436;421402,7144;2199446,968
ул. 6-я Кольцевая;98, 26, 34, 34а, 41, 57, 64, 67, 71, 16;;12;34, 40, 44, 52, 55, 59, 67, 71, 98, 16;47.21185;39.65288;420697,5658;2199322,813
ул. Андрея Сладкова;;7;;;47.21691;39.64947;421264,5092;2199074,109
ул. Андрея Сладкова;;7;;;47.21684;39.64953;421256,6495;2199078,52
ул. Артиллерийская;17, 6;;;56, 6;47.25026;39.68507;424926,6592;2201832,369
ул. Артиллерийская;17, 6;;;56, 6;47.2502;39.68503;424920,0392;2201829,23
ул. Б. Садовая;83, 5, 6, 9, 22, 27, 42, 42а, 45, 49, 51, 2, 61, 60;;;99, 6, 11, 12, 38, 43, 44, 45, 58, 78, 90;47.22066;39.70759;421607,799;2203483,291
ул. Б. Садовая;98, 75, 67;;;;47.21765;39.6965;421286,9605;2202637,806
ул. Б. Садовая;83, 22, 33, 42, 42а, 45, 46, 49, 5, 77, 1, 92a, 65;;6;45, 49, 65, 77, 83, 92;47.2232;39.71823;421877,0583;2204293,752
ул. Б. Садовая;;;;92, 83, 77, 65, 49, 47;47.22274;39.71866;421825,3907;2204325,49
ул. Бабушкина;15, 98, 4, 16, 26, 34, 41, 57, 64, 67, 71, 34а;;12, 8;4, 40, 44, 52, 55, 59, 67, 16, 98, 34, 71;47.2111;39.68015;420579,3302;2201387,214
ул. Бабушкина;98, 15, 16, 26, 34, 34а, 41, 57, 64, 67, 71, 4;;12, 8;16, 34, 40, 44, 52, 55, 59, 67, 71, 98, 8;47.21122;39.67894;420594,2022;2201295,774
ул. Балакирева;;7;;;47.21952;39.66769;421531,2419;2200459,095
ул. Балакирева;;;;48;47.21908;39.66805;421481,8662;2200485,538
ул. Балакирева;;;;48;47.21933;39.66856;421509,0084;2200524,635
ул. Беляева;;;;38;47.29934;39.72334;430335,5732;2204817,54
ул. Береговая;;;;11;47.21544;39.72141;421010,4553;2204520,645
ул. Благодатная;;;;55;47.2235;39.64335;422005,0799;2198623,124
ул. Благодатная;;7;;;47.2236;39.64325;422016,3273;2198615,741
ул. Благодатная;;7;;;47.22353;39.64326;422008,5322;2198616,365
ул. Богачёва;4;;8;8, 4;47.19217;39.63975;418526,7316;2198290,512
ул. Богачёва;4;;12;8, 4;47.19228;39.63914;418539,7563;2198244,496
ул. Бодрая;46;;;38;47.27206;39.70572;427324,4349;2203435,254
ул. Вавилова;99, 96, 94, 49, 1;;;14, 99, 96, 94, 49, 43;47.26189;39.68336;426221,7645;2201724,477
ул. Варфоломеева;9;;;93, 25, 23, 12;47.22668;39.68241;422308,5481;2201587,294
ул. Вересаева;;;;88, 67, 14;47.2456;39.79814;424272,3209;2210383,757
ул. Вересаева;14;;;88, 67, 63, 14;47.24598;39.79812;424314,59;2210382,884
ул. Веры Пановой;11;;;;47.25639;39.76898;425505,842;2208194,861
ул. Веры Пановой;98, 67, 54, 11, 3а, 3;;5, 1;79, 66, 59, 40, 29, 24, 19;47.25659;39.76745;425529,8811;2208079,402
ул. Возрождения;9;;;93, 25, 23, 12;47.22927;39.67833;422601,6463;2201283,123
ул. Волкова;96;;;96, 30, 19;47.28372;39.71914;428604,1731;2204471,734
ул. Волкова;94;;;94, 30, 19;47.28375;39.71847;428608,3305;2204421,102
ул. Вологодская;92a, 83, 78, 33, 18п;;;95, 83, 79, 78, 56, 44, 38, 29, 25, 23;47.29707;39.72186;430085,0177;2204701,525
ул. Вологодская;92a, 83, 78, 33, 18л;;;95, 83, 79, 78, 56, 44, 29, 25, 23;47.29712;39.72211;430090,2704;2204720,523
ул. Воровского;7;;9;95, 93, 88, 67;47.24946;39.77811;424724,6871;2208874,006
ул. Воровского;7;;9;95, 93, 88, 67;47.24986;39.77838;424768,8408;2208895,132
ул. Вятская;36, 28;;;92, 90, 44;47.2794;39.77475;428057,1747;2208671,244
ул. Вятская;89, 69a, 54, 22, 18п;;;95, 92, 90, 79, 44;47.28037;39.76729;428173,7907;2208108,523
ул. Гагринская;;;;14;47.26149;39.65238;426216,8471;2199379,089
ул. Герасименко;92a, 22, 33, 45, 46, 63, 65, 77, 18п, 83;;6;45, 56, 63, 65, 66, 77, 83, 92, 25;47.25467;39.71488;425379,8045;2204096,921
ул. Герасименко;65, 18л, 33, 46, 63, 77, 78, 90, 90а, 92a, 47;;6;63, 65, 25, 47, 56, 92, 83, 77, 66;47.25606;39.71593;425533,0439;2204178,909
ул. Гикало;14;;;88, 67, 63, 14;47.24992;39.79761;424753,2017;2210350,934
ул. Гикало;14;;;88, 67, 63, 14;47.24951;39.79543;424710,1315;2210185,215
ул. Грамши;14;;;63, 14;47.2606;39.7868;425953,0364;2209550,84
ул. Грамши;14;;;63, 14;47.26024;39.78739;425912,3288;2209594,88
ул. Грисенко;14;;;63, 14;47.26159;39.78302;426067,4952;2209266,448
ул. Грисенко;14;;;14, 63;47.26143;39.78308;426049,6375;2209270,715
ул. Дарвина;37, 15;;;;47.24098;39.6314;423963,9958;2197751,745
ул. Дарвина;37, 15;;;;47.24131;39.63115;424001,011;2197733,453
ул. Джапаридзе;51;;;;47.24041;39.6783;423840,1539;2201301,568
ул. Джапаридзе;61;;;;47.24067;39.67716;423870,5036;2201215,74
ул. Димитрова;11;;;;47.25937;39.78145;425822,519;2209143,823
ул. Димитрова;11;;;;47.25924;39.78154;425807,9614;2209150,412
ул. Днепропетровская;69a;;;95, 58;47.27835;39.79831;427913,0773;2210451,956
ул. Добровольского;45, 46, 47, 77, 96, 21;;;30, 11, 21, 96, 38, 44, 45, 47, 66, 77, 95, 19;47.28575;39.70527;428846,9667;2203426,155
ул. Добровольского;45, 46, 47, 77, 94, 21;;;30, 11, 21, 95, 38, 44, 45, 47, 66, 77, 94, 19;47.28595;39.70533;428869,1271;2203431,058
ул. Доватора;37, 15, 6;;;56, 52, 6;47.23713;39.6359;423530,0843;2198085,055
ул. Доватора;;;;52;47.23779;39.63164;423609,0386;2197763,771
ул. Доватора;;;;52, 40, 16;47.23781;39.60648;423644,5779;2195858,789
ул. Доватора;37, 15;;;;47.23829;39.6346;423660,7461;2197988,852
ул. Доватора;6;;;56, 6;47.23862;39.63577;423695,9023;2198078,073
ул. Думенко,15;69a, 69, 54, 35, 22;;;83, 78, 56, 25, 23;47.29902;39.75184;430265,5436;2206972,398
ул. Думенко,15;89, 83, 78, 69a, 69, 35, 33, 22;;;;47.29943;39.75305;430309,6799;2207064,629
ул. Думенко,15;;;;83, 78, 56, 25, 23;47.30006;39.75083;430382,3728;2206897,841
ул. Евдокимова;92a, 21, 33, 45, 47, 63, 65, 77, 78, 18л;;6;25, 45, 47, 56, 63, 65, 66, 77, 83, 21;47.27409;39.71855;427534,2899;2204409,73
ул. Евдокимова;92a, 21, 33, 45, 47, 63, 65, 77, 83, 18п;;6;25, 38, 45, 47, 56, 63, 65, 66, 77, 83, 21;47.27409;39.71819;427534,7319;2204382,491
ул. Евдокимова;46;;;;47.27374;39.71787;427496,2139;2204357,647
ул. Евдокимова;46;;;38;47.27373;39.71749;427495,5689;2204328,876
ул. Ерёменко;96, 94, 71, 67;;;96, 94, 93, 73, 71, 67, 25, 23, 20, 10;47.23141;39.62986;422902,0915;2197616,691
ул. Заречная;39;;;;47.21031;39.71845;420443,7681;2204287,187
ул. Заречная;39, 31;;;;47.2102;39.71864;420431,3058;2204301,382
ул. Зеленая;7;;9;95, 93, 88, 67;47.25642;39.7978;425475,6137;2210376,301
ул. Зеленодольская;11;;;;47.25831;39.77976;425706,6473;2209014,095
ул. Зеленодольская;11;;;;47.25833;39.77989;425708,7189;2209023,968
ул. Зенитчиков;60;;;;47.2338;39.68803;423093,02;2202026,051
ул. Зенитчиков;60;;;;47.23376;39.68833;423088,1959;2202048,694
ул. Зорге;64, 16;;;16;47.21253;39.63542;420795,8594;2198001,466
ул. Зорге;67, 71, 94, 96, 26;;;40, 10, 20, 25, 96, 52, 59, 67, 71, 73, 93, 94, 23;47.21287;39.63497;420834,2469;2197968,031
ул. Зорге;96, 94, 71, 67;;;96, 94, 93, 73, 71, 67, 25, 23, 20, 10;47.23131;39.62918;422891,8677;2197565,004
ул. Зорге/пр. Стачки;96, 94;;8;96, 94, 93, 73, 20, 10;47.21194;39.63487;420730,9873;2197958,669
ул. Иловайская;96, 83, 27;;;96, 78, 44, 43, 23, 11;47.26523;39.68267;426593,9556;2201678,45
ул. Иловайская;78, 27;;;78, 44, 23, 11;47.26531;39.6825;426603,0641;2201665,733
ул. Инициативная;68;;;53;47.23371;39.78566;422964,8977;2209418,657
ул. Интернациональная;4;;8;8, 4;47.20423;39.67736;419819,1067;2201163,079
ул. Интернациональная;4;;12;8, 4;47.20434;39.67719;419831,5512;2201150,404
ул. Камская;42а, 42, 36, 35а, 35, 28, 3а;;;59, 58, 24;47.26989;39.78955;426982,6543;2209774,783
ул. Камская;42а, 42, 36, 35а, 35, 3а;;;59, 58, 24;47.2702;39.78967;427016,9793;2209784,391
ул. Карпатская;96, 94, 71, 67;;;48, 10, 96, 94, 73, 71, 67, 56;47.23233;39.62634;423009,0008;2197351,916
ул. Карпатская;96, 94, 71, 67;;;96, 94, 73, 71, 67, 56, 48, 10;47.23243;39.62576;423020,8822;2197308,19
ул. Каширская;4;;12;73, 8;47.1989;39.61953;419301,4911;2196771,285
ул. Каширская;4;;8;73, 4;47.19887;39.61973;419297,8912;2196786,381
ул. Кизитериновская;7;;9;88, 67, 95, 93;47.2523;39.78336;425034,2931;2209276,289
ул. Кизитериновская;7;;9;95, 93, 88, 67;47.25308;39.78442;425119,7747;2209357,86
ул. Коминтерна;4;;8;4, 8;47.20029;39.66565;419395,9979;2200268,486
ул. Коминтерна;4;;12;8, 4;47.20056;39.66569;419425,9633;2200272,023
ул. Конституционная;3;;;;47.26932;39.77931;426931,1997;2208998,935
ул. Конституционная;3;;;;47.26953;39.77931;426954,5462;2208999,295
ул. Кузнечная;4;;8;73, 4;47.19362;39.62553;418706,5757;2197215,705
ул. Кулагина;4;;12;8, 4;47.20266;39.67165;419651,82;2200727,532
ул. Кулагина;64, 57, 34а, 34, 26, 16, 15, 98, 67, 71;;12;98, 16, 34, 40, 44, 52, 55, 59, 71, 67;47.21114;39.66731;420600,0991;2200414,602
ул. Куликовская;99, 96, 83, 49, 1;;;99, 96, 78, 49, 44, 43, 14, 11;47.26192;39.68531;426222,6413;2201872,112
ул. Курганная;51;;;;47.2397;39.68382;423754,2437;2201718,187
ул. Курганная;61;;;;47.23983;39.68342;423769,2009;2201688,143
ул. Кустанайская;67, 71, 94, 96, 26;;;40, 10, 20, 25, 96, 52, 59, 67, 71, 73, 93, 94, 23;47.22028;39.63205;421661,8626;2197761,1
ул. Кустанайская;71, 67, 26, 94, 96;;;71, 10, 20, 23, 25, 40, 52, 67, 73, 93, 94, 96, 59;47.21999;39.63201;421629,6749;2197757,512
ул. Лазо;6;;;56, 6;47.24178;39.64142;424039,8352;2198511,907
ул. Лазо;6;;;56, 6;47.24211;39.64227;424075,4156;2198576,892
ул. Лелюшенко;89, 83, 78, 54, 33;;;83, 78, 56, 25, 23;47.29657;39.73709;430010,8988;2205852,511
ул. Лелюшенко;83, 78, 54, 33, 89;;;83, 78, 56, 25, 23;47.29655;39.73746;430008,2279;2205880,46
ул. Лермонтовская;;6;;;47.23479;39.73292;423147,6229;2205426,983
ул. Лермонтовская;;6;;;47.2355;39.73257;423226,9808;2205401,746
ул. Лермонтовская;77, 5, 22, 33, 42, 42а, 45, 46, 1, 65, 83, 92a, 49;;6;45, 49, 65, 77, 83, 92;47.2307;39.71498;422714,8531;2204061,16
ул. Лермонтовская;90а, 33, 35, 35а, 46, 47, 58, 65, 77, 1, 90, 92a, 99, 78;;6;47, 49, 65, 77, 83, 92;47.2317;39.71487;422826,1618;2204054,637
ул. Лесная;37, 15;;;;47.24385;39.62807;424287,4377;2197505,169
ул. Лесная;37, 15;;;;47.24332;39.62884;424227,5034;2197562,44
ул. Лесозащитная;42а, 42, 35а, 35, 3а;;;59, 58, 24;47.27163;39.79888;427165,3303;2210483,731
ул. Лесозащитная;42а, 42, 35а, 35, 3а;;;59;47.27187;39.79906;427191,8053;2210497,757
ул. Лесопарковая;15;;;48;47.22695;39.64892;422381,3971;2199051,536
ул. Лесопарковая;37, 15;;;93, 48, 25, 23, 20;47.2278;39.64765;422477,5398;2198956,975
ул. Лесопарковая;37;;;93, 25, 23, 20;47.22763;39.64809;422458,0701;2198989,973
ул. Листопадова;;;2;;47.22415;39.76508;421926,2091;2207843,695
ул. Литовская;6;;;56, 6;47.2447;39.64688;424357,3642;2198930,849
ул. Литовская;6;;;56, 6;47.24435;39.64649;424318,9595;2198900,657
ул. Львовская;6;;;93, 56, 55, 52, 48, 25, 23, 20, 6;47.23242;39.63445;423008,3565;2197966,211
ул. Львовская;6;;;93, 56, 55, 52, 48, 25, 23, 20, 6;47.23263;39.63481;423031,2316;2197993,876
ул. М. Горького;65, 1, 5, 22, 33, 42, 42а, 45, 49, 77, 83, 92a, 46;;6;92, 45, 49, 65, 77, 83;47.22783;39.71625;422394,2233;2204152,151
ул. М. Горького;90а, 33, 35, 35а, 46, 47, 58, 65, 77, 1, 90, 92a, 99, 78;;6;47, 49, 65, 77, 83, 92;47.22668;39.71704;422265,4028;2204209,903
ул. Магнитогорская;4;;12;73, 8;47.19512;39.62778;418870,371;2197389,104
ул. Мадояна;;;;52;47.23762;39.6324;423589,1424;2197820,988
ул. Мадояна;;7;;;47.21861;39.65911;421441,0671;2199807,508
ул. Мадояна;;7;;;47.21882;39.6594;421464,0407;2199829,87
ул. Максима Горького;;7;;;47.22476;39.70519;422066,5832;2203308,979
ул. Максима Горького;83, 5, 6, 9, 22, 27, 42, 42а, 45, 49, 51, 2, 61, 60;;;99, 6, 11, 12, 38, 43, 44, 45, 58, 78, 90;47.22512;39.70555;422106,159;2203336,899
ул. Максима Горького;6, 99, 2, 90а, 9, 27, 35, 35а, 51, 58, 60, 61, 78, 90, 47;;;78, 6, 11, 12, 38, 43, 44, 99, 58, 90, 47;47.22541;39.70508;422138,9822;2203301,832
ул. Малиновского;96, 94, 71, 67;;;96, 94, 73, 71, 67, 56, 48, 10;47.23227;39.61493;423017,4219;2196487,788
ул. Малиновского;71, 67;;;73, 67, 56, 48;47.2324;39.61507;423031,6884;2196498,643
ул. Малиновского;;;;52;47.23764;39.61714;423611,488;2196665,593
ул. Малиновского, 70;26;;;59, 56, 55, 40, 16;47.22971;39.6141;422733,9219;2196419,942
ул. Малиновского, 70;26;;;59, 56, 55, 40, 16;47.22911;39.61349;422668,0291;2196372,577
ул. Малюгиной;83, 5, 6, 9, 21, 22, 27, 42, 42а, 45, 49, 51, 2, 61, 60;;;99, 6, 11, 12, 21, 38, 43, 44, 45, 58, 78, 90;47.22975;39.70346;422623,485;2203187,057
ул. Малюгиной;35а, 2, 6, 9, 21, 35, 47, 51, 58, 61, 78, 90, 90а, 99, 60, 27;;;6, 43, 44, 47, 58, 78, 90, 99, 11, 38, 21, 12;47.23023;39.70292;422677,5191;2203147,04
ул. Манежная;;7;;;47.21808;39.64586;421399,2616;2198802,895
ул. Манежная;;7;;;47.21798;39.64586;421388,1443;2198802,704
ул. Манежная;;;;55;47.21831;39.64603;421424,6107;2198816,209
ул. Маршальская;;;;52;47.23748;39.62475;423583,6373;2197241,486
ул. Маршальская;;;;52;47.2377;39.62359;423609,6257;2197154,081
ул. Международная;98, 26, 34, 34а, 41, 57, 64, 67, 71, 16;;8;34, 40, 44, 52, 55, 59, 67, 71, 98, 16;47.21159;39.66196;420656,9749;2200010,163
ул. Международная;98, 16, 26, 34, 34а, 41, 57, 64, 67, 15, 71;;12;34, 40, 44, 52, 55, 59, 67, 71, 98, 16;47.21131;39.6634;420624,0005;2200118,722
ул. Мечникова;60;;;;47.24123;39.67381;423937,013;2200963,149
ул. Мечникова;61;;;;47.24209;39.67274;424033,9826;2200883,744
ул. Мечникова;51;;;;47.24189;39.67253;424012,0151;2200867,471
ул. Мечникова;9;;;;47.24123;39.67199;423939,3279;2200825,354
ул. Миронова;89, 83, 78, 33;;;83, 78, 56, 25, 23;47.29757;39.74367;430114,1366;2206351,943
ул. Миронова;69a, 69, 54;;;83, 78, 56, 25, 23;47.29765;39.74356;430123,1629;2206343,765
ул. Миронова;89, 83, 78, 33;;;83, 78, 56, 25, 23;47.29814;39.74085;430180,9024;2206139,673
ул. Можайская;7;;;;47.27134;39.80925;427121,2216;2211267,928
ул. Можайская;7;;;;47.2713;39.80935;427116,6607;2211275,427
ул. Можайская;7;;;;47.27226;39.81225;427220,088;2211496,47
ул. Молодежная;42а, 42, 36, 35а, 35, 3а;;;24, 59, 58;47.26505;39.77975;426455,972;2209024,903
ул. Молодежная;42, 35, 3а;;;;47.26487;39.77948;426436,2761;2209004,161
ул. Московская;83, 49, 45, 42а, 42, 22, 5;;;45;47.21972;39.71944;421488,6908;2204379,128
ул. Муравьева;9;;;93, 25, 23, 12;47.22875;39.67631;422546,3969;2201129,183
ул. Муравьева;9;;;93, 25, 23, 12;47.22867;39.67494;422539,242;2201025,285
ул. Мурманская;3;;;;47.27274;39.78103;427309,4071;2209134,953
ул. Мурманская;3;;;;47.27239;39.78069;427270,8929;2209108,626
ул. Нариманова;18п, 83, 92a, 77, 90а, 2, 21, 22, 33, 45, 46, 47, 63, 65, 90;;6;90, 47, 21, 25, 45, 56, 63, 65, 66, 83, 92, 77;47.26493;39.72051;426513,5322;2204541,54
ул. Нариманова;2;;;;47.26507;39.72209;426527,1613;2204661,363
ул. Нариманова;92a, 21, 22, 33, 45, 46, 47, 63, 65, 77, 78, 90, 18л, 90а;;6;25, 45, 47, 56, 63, 65, 66, 77, 83, 90, 92, 21;47.26617;39.72146;426650,224;2204615,665
ул. Нариманова;;;;38;47.2639;39.7122;426409,2413;2203910,791
ул. Немировича-Данченко;;;;38;47.25568;39.69685;425514,4442;2202734,039
ул. Новая;7;;9;95, 93, 88, 67;47.24631;39.77233;424381,267;2208431,023
ул. Новая;7;;9;95, 93, 88, 67;47.24584;39.77102;424330,5559;2208331,038
ул. Новолесная;11;;;;47.25624;39.78838;425466,4841;2209662,994
ул. Обороны;;;;77, 49;47.21843;39.72032;421344,1984;2204443,46
ул. Обсерваторная;;;;29, 11;47.30204;39.72282;430636,3805;2204783,068
ул. Оганова;99, 96, 94, 49;;;99, 96, 94, 49, 10;47.26269;39.66575;426333,0718;2200393,219
ул. Оганова;99, 96, 94, 49, 10;;;94, 49, 14, 10, 99, 96;47.26291;39.66525;426358,1695;2200355,792
ул. Оганова, 23;10, 1;;;43, 14, 10;47.27038;39.66478;427189,2387;2200334,265
ул. Окраинная;51;;;;47.24561;39.67856;424417,9261;2201330,924
ул. Окраинная;61;;;;47.24543;39.67796;424398,6749;2201285,165
ул. Орбитальная, 20;;;;77;47.29946;39.70404;430372,6936;2203358,125
ул. Орбитальная, 20;;;;95;47.29892;39.70162;430315,6665;2203174,117
ул. Орбитальная, 42;65, 63;;;65, 63, 29, 11;47.30063;39.7146;430489,7121;2204158,88
ул. Орбитальная, 42;65, 63;;;65, 63, 38, 29, 11;47.30052;39.71495;430477,052;2204185,15
ул. Орбитальная, 54;65, 63;;;65, 63, 29, 11;47.30116;39.71963;430542,4539;2204540,238
ул. Орбитальная, 54;65, 63;;;65, 63, 38, 29, 11;47.3011;39.72045;430534,7781;2204602,144
ул. Орбитальная, 64;65, 63;;;65, 63, 38, 29, 11;47.30167;39.72445;430593,2533;2204905,672
ул. Орбитальная, 64;65, 63;;;65, 63, 38, 29, 11;47.30163;39.72527;430587,8049;2204967,613
ул. Орбитальная, 70;65, 63;;;65, 63, 38, 29, 11;47.30244;39.73243;430669,14;2205510,537
ул. Орбитальная, 70;65, 63;;;11, 65, 63, 38, 29;47.30244;39.73157;430670,1843;2205445,5
ул. Орская;69a, 28;;;95, 92, 44;47.27912;39.77325;428027,8063;2208557,275
ул. Орская;36, 28;;;92, 90, 44;47.27913;39.77446;428027,4978;2208648,838
ул. Орская;69;;;95;47.27907;39.77307;428022,459;2208543,57
ул. Орская;92a, 90а, 69;;;;47.29852;39.78274;430173,4918;2209308,487
ул. Осипенко;;7;;;47.21925;39.65158;421521,9239;2199238,373
ул. Осипенко;;7;;;47.21913;39.6512;421509,0745;2199209,363
ул. Павленко;61;;;;47.2453;39.68416;424376,3858;2201754,299
ул. Павленко;51;;;;47.24541;39.68375;424389,132;2201723,463
ул. Панфиловцев;42а, 42, 35а, 35, 3а;;;59, 58, 24;47.27353;39.80025;427374,9876;2210590,602
ул. Панфиловцев;42а, 42, 35а, 35, 3а;;;59;47.27327;39.80005;427346,3119;2210575,03
ул. Пестеля;9;;;;47.23456;39.67253;423197,1151;2200853,778
ул. Пестеля;9;;;;47.23049;39.67135;422746,1424;2200756,818
ул. Погодина;22;;;90;47.25534;39.70927;425461,2126;2203673,503
ул. Погодина;;;;38;47.26198;39.70614;426203,2813;2203448,679
ул. Полевая;9;;;;47.23235;39.67128;422953,0135;2200754,995
ул. Попова;6;;;56, 6;47.24053;39.63912;423903,8669;2198335,378
ул. Попова;6;;;56, 6;47.24047;39.63915;423897,1573;2198337,534
ул. Портовая, 43-45;;;;8;47.21034;39.69277;420478,9525;2202341,838
ул. Профинтерна;17, 6;;;56, 6;47.25012;39.68919;424905,9118;2202143,99
ул. Профинтерна;17, 6;;;56, 6;47.25023;39.68802;424919,6111;2202055,625
ул. Профсоюзная. 284;37;;;93, 25, 23, 20, 12;47.22302;39.65525;421936,3082;2199523,482
ул. Пушкинская;;;;98, 80, 55;47.23076;39.741;422689,8196;2206031,673
ул. Раевского;9;;;;47.23828;39.67189;423611,494;2200812,269
ул. Родниковая;37;;;93, 25, 23, 20, 12;47.22842;39.65551;422536,3071;2199553,39
ул. С. Разина;;7;;;47.22037;39.66474;421629,5103;2200237,251
ул. С. Разина;;7;;;47.21956;39.66351;421541,0352;2200142,567
ул. Самойловская;60;;;;47.23412;39.67704;423142,4709;2201194,461
ул. Самойловская;9;;;;47.23437;39.67365;423174,5679;2200938,231
ул. Самойловская;60;;;;47.23365;39.67834;423088,572;2201292,025
ул. Северо-Кавказская;99, 96, 94, 49, 1;;;99, 96, 94, 49, 43, 14;47.26266;39.66951;426324,9353;2200677,723
ул. Селиванова;7;;9;95, 93, 88, 67;47.24815;39.77572;424581,8478;2208690,828
ул. Селиванова;7;;9;95, 93, 88, 67;47.24781;39.77467;424545,28;2208610,756
ул. Селиванова;98, 67;;;52;47.25051;39.76862;424852,5641;2208157,431
ул. Сержантова;54, 11, 3а, 3;;5, 1;79, 66, 59, 40, 29, 24, 19;47.25463;39.76776;425311,6145;2208099,47
ул. Сержантова;98, 67;;;52;47.25342;39.77058;425173,771;2208310,831
ул. Скачкова;37;;;20;47.22285;39.66583;421903,8246;2200324,465
ул. Скачкова;;7;;;47.2222;39.66552;421831,9587;2200299,765
ул. Совхозная;32;;;;47.21957;39.57233;421662,9906;2193236,41
ул. Совхозная;32;;;;47.21975;39.57219;421683,1934;2193226,168
ул. Содружества;6;;;55, 52, 6;47.22923;39.63329;422655,2341;2197872,235
ул. Содружества;6;;;55, 52, 6;47.22915;39.6334;422646,1961;2197880,411
ул. Станиславского;;;;77, 49;47.21867;39.72047;421370,696;2204455,253
ул. Судостроительная;4;;8;8, 4;47.19259;39.64377;418568,1888;2198595,954
ул. Судостроительная;4;;12;8, 4;47.19288;39.64438;418599,6357;2198642,733
ул. Текучева;60;;;;47.23125;39.6895;422807,6812;2202132,661
ул. Текучева;21, 99, 90, 90а, 78, 6, 27, 35, 35а, 47, 51, 58, 61, 2;;;99, 21, 6, 11, 38, 43, 44, 47, 58, 90, 78;47.23349;39.7015;423041,7095;2203045,462
ул. Текучева;83, 5, 6, 21, 22, 27, 42, 42а, 45, 49, 51, 2, 61;;;99, 11, 21, 23, 38, 43, 44, 45, 58, 78, 90, 6;47.23429;39.70138;423130,7974;2203037,837
ул. Текучева;60, 9;;;93, 25, 23, 12;47.23381;39.70107;423077,82;2203013,486
ул. Текучева;;;;93;47.23395;39.70214;423092,0532;2203094,764
ул. Темерницкая;;;;71, 34, 8, 4;47.21776;39.70768;421285,2858;2203484,837
ул. Темерницкая;;;;48, 20, 16, 12;47.21763;39.70707;421271,5888;2203438,396
ул. Темерницкая;92a, 77, 65, 46, 1;;6;92, 83, 65;47.22014;39.71877;421536,2056;2204329,137
ул. Тимошенко;10, 1;;;43, 10;47.27014;39.66505;427162,2116;2200354,245
ул. Тимошенко;;;;14;47.26984;39.66116;427133,8436;2200059,322
ул. Тимошенко,22;;;;14;47.26678;39.65579;426800,5566;2199647,179
ул. Тимошенко,32;;;;14;47.26579;39.65259;426694,6225;2199403,141
ул. Толмачева;;;;55;47.22134;39.64439;421763,5944;2198697,769
ул. Толмачева;;;;55;47.22121;39.64466;421748,7911;2198717,971
ул. Турксибская;60;;;;47.23831;39.67549;423610,2531;2201084,902
ул. Турксибская;60;;;;47.23806;39.67541;423582,5613;2201078,378
ул. Турмалиновская;83, 5, 22, 33, 42, 42а, 45, 46, 49, 1, 77, 92a, 65;;6;25, 45, 49, 65, 77, 83, 92;47.24611;39.7129;424430,5978;2203931,549
ул. Турмалиновская;90а, 33, 35, 35а, 46, 47, 58, 65, 77, 1, 90, 92a, 99, 78;;6;25, 47, 49, 65, 77, 83, 92;47.24589;39.71315;424405,8314;2203950,076
ул. Фурмановская;92a, 21, 33, 45, 46, 47, 63, 65, 77, 18л, 78;;6;25, 45, 47, 56, 63, 65, 66, 77, 83, 21;47.27162;39.72067;427257,09;2204565,693
ул. Фурмановская;92a, 21, 22, 33, 45, 46, 47, 63, 65, 77, 83, 90, 18п, 90а;;6;25, 45, 47, 56, 63, 65, 66, 77, 83, 90, 92, 21;47.27054;39.71999;427137,8555;2204512,293
ул. Фурмановская;90а, 90, 22;;;92, 90;47.27157;39.7224;427249,4128;2204696,509
ул. Фурмановская;;;;38;47.26811;39.70813;426882,3124;2203610,431
ул. Фурмановская;;;;38;47.2682;39.70785;426892,6646;2203589,406
ул. Цезаря Куникова;99, 94, 78, 49, 27, 1;;;99, 94, 78, 49, 44, 43, 23, 14, 11;47.25344;39.69422;425268,7024;2202530,855
ул. Цезаря Куникова;49, 27, 1, 99, 96, 83;;;99, 96, 78, 49, 44, 43, 23, 14, 11;47.25673;39.69715;425630,802;2202758,671
ул. Центральная;27, 18п, 18л;;;;47.28426;39.67002;428725,6413;2200756,771
ул. Центральная;27, 18п, 18л;;;;47.28431;39.67035;428730,7794;2200781,829
ул. Ченцова;98, 67, 54, 7, 3а, 3;;9, 1;95, 79, 66, 24, 19;47.23631;39.75959;423284,5839;2207449,108
ул. Ченцова;98, 67, 54, 7, 3а, 3;;9, 1;95, 79, 66, 24, 19;47.23705;39.75931;423367,1849;2207429,197
ул. Чукотская;;7;;;47.22602;39.6421;422286,8622;2198533,268
ул. Чукотская;;7;;;47.22595;39.64209;422279,0931;2198532,377
ул. Чукотская;;;;55;47.22644;39.64194;422333,7631;2198521,954
ул. Чукотская;;;;55;47.22631;39.64224;422318,9201;2198544,425
ул. Шишкина;96, 94, 71, 67;;;96, 94, 73, 71, 67, 56, 48, 10;47.23231;39.62086;423014,0097;2196936,91
ул. Шишкина;67, 96, 94, 71;;;96, 94, 73, 71, 67, 56, 48, 10;47.23239;39.6203;423023,6443;2196894,66
ул. Щаденко;14;;;88, 67, 63, 14;47.25365;39.7949;425171,0026;2210152,107
ул. Щаденко;14;;;88, 67, 63, 14;47.25401;39.79504;425210,8638;2210163,314
ул. Щербакова;42а, 42, 36, 35а, 35, 3а, 3;;;59, 58, 24;47.26391;39.77607;426333,5387;2208744,447
ул. Щербакова;3;;;;47.26464;39.77701;426413,5949;2208816,841
ул. Щербакова;42а, 42, 36, 35а, 35, 28;;;59, 58, 24;47.26419;39.77724;426363,2973;2208833,473
ул. Щербакова;69, 36;;;95;47.27679;39.78396;427756,2484;2209363,584
ул. Щербакова;69a, 36, 28;;;95;47.27734;39.78227;427819,3627;2209236,658
Универмаг;;;;4;47.19113;39.62402;418431,7482;2197096,459
Универсам;98, 96, 94, 57, 34;;12;98, 96, 94, 93, 73, 34, 20, 10;47.20794;39.63049;420292,0392;2197619,162
Универсам;98, 96, 94, 57, 34;;8;98, 96, 94, 93, 73, 34, 20, 10;47.208;39.62918;420300,4306;2197520,034
Университет;67, 71, 94, 96, 26;;;40, 10, 20, 25, 96, 52, 59, 67, 71, 73, 93, 94, 23;47.21673;39.63383;421264,8662;2197889,094
Университет;96, 26, 67, 71, 94;;;25, 23, 20, 71, 40, 73, 52, 59, 67, 96, 94, 93, 10;47.21574;39.63408;421154,4777;2197906,128
Участок 2;69a, 69, 28;;;;47.30463;39.77593;430860,7264;2208803,97
Участок 3;69a, 69, 28;;;;47.30779;39.77024;431218,7214;2208379,154
Участок 3;69a, 69, 28;;;;47.30748;39.77069;431183,7276;2208412,645
Участок 5;69a, 69, 28;;;;47.30721;39.76493;431160,5046;2207976,621
Участок 5;69a, 69, 28;;;;47.30715;39.76497;431153,7868;2207979,541
Участок 7;69a, 69, 28;;;;47.3073;39.76247;431173,4218;2207790,758
Участок 7;69a, 69, 28;;;;47.30727;39.76238;431170,1932;2207783,9
Участок 8;69a, 69, 28;;;;47.30817;39.75918;431274,0469;2207543,496
Фабрика;37;;;20;47.22296;39.67225;421907,8637;2200810,906
"Фабрика ""Малыш""";45, 47, 78, 94, 21;;;23, 11, 21, 94, 44, 45, 47, 66, 78, 79, 19;47.29519;39.7012;429901,5083;2203135,53
"Филиал часового завода ""Витязь""";69, 42а, 42, 35а, 35, 3а;;;59, 58, 24;47.2886;39.80325;429046,9468;2210842,961
"Филиал часового завода ""Витязь""";69a, 42а, 42, 35а, 35, 3а;;;59, 58, 24;47.2885;39.80308;429036,0241;2210829,933
Фруктовый сад;;;;56, 40, 16;47.21571;39.61362;421178,1413;2196356,272
Хладокомбинат;32;;;56, 25, 23;47.20694;39.61377;420202,9586;2196350,524
Хладокомбинат;34, 57, 94, 96, 98, 32;;8;34, 20, 25, 56, 73, 93, 94, 96, 98, 23;47.20717;39.61353;420228,8474;2196332,79
Хлебозавод;96, 94;;;96, 94, 71, 10;47.24489;39.61419;424421,409;2196456,376
Хлебозавод;96, 94;;;96, 94, 71, 10;47.24445;39.61396;424372,7984;2196438,105
Хоз. магазин;10, 1;;;43, 14, 10;47.26669;39.6657;426777,8306;2200396,949
Хоз. магазин;10, 1;;;43, 10;47.26695;39.66584;426806,5567;2200408,032
ЦГБ;77, 5, 22, 33, 42, 42а, 45, 46, 1, 65, 83, 92a, 49;;6;45, 49, 65, 77, 83, 92;47.23437;39.71341;423124,7931;2203948,91
ЦГБ;90а, 33, 35, 35а, 46, 47, 58, 65, 77, 1, 90, 92a, 99, 78;;6;25, 47, 49, 65, 77, 83, 92;47.23382;39.71394;423062,9946;2203988,048
Центральный рынок;;7, 6, 4, 1;;;47.21725;39.70888;421227,1024;2203574,805
Центральный рынок;99, 92a, 77, 46, 1;;;;47.21824;39.71289;421332,2109;2203880,337
Центральный рынок;78, 33;;;92, 83;47.21807;39.71276;421313,4718;2203870,183
Центральный рынок;90а, 90, 65, 47;;6;65;47.21811;39.71214;421318,6836;2203823,294
Центральный рынок;61, 51, 27;;;;47.21793;39.71141;421299,5734;2203767,674
Центральный рынок;60, 58, 35а, 35, 9, 2;;;;47.21773;39.71062;421278,3144;2203707,473
Центральный рынок;49, 42а, 42, 5;;;;47.21808;39.71173;421315,8544;2203792,184
Центральный рынок;83, 45, 22;;;;47.21778;39.71037;421284,182;2203688,627
Центральный рынок;34а, 34, 26;;;44;47.21723;39.70791;421226,0793;2203501,295
Центральный рынок;75, 64, 57, 41, 16, 4;;12, 8;;47.21695;39.70794;421194,9137;2203503,059
Центральный рынок;71, 15, 6;;;;47.21708;39.70716;421210,3321;2203444,213
Центральный рынок;;;;47;47.21602;39.70987;421089,1354;2203647,562
Центральный рынок;;;;11, 6, 99, 90, 78, 58, 45, 43, 38;47.21567;39.70964;421050,5092;2203629,505
Центральный рынок;;;;99, 90, 78, 58, 38, 20, 11, 6;47.21575;39.7094;421059,6998;2203611,47
Центральный рынок;;;;45;47.21733;39.71492;421228,5422;2204032,454
Церковь;11;;;;47.2584;39.78371;425712,0465;2209313,214
Часовой завод;;;;92, 83, 77, 65, 49, 47;47.22139;39.71929;421674,5339;2204370,774
Чемордачка;39;;;;47.21143;39.74903;420531,1905;2206605,765
Черепахина;;6;;;47.23834;39.73145;423544,0736;2205322,006
Черепахина;;6;;;47.23839;39.73138;423549,7174;2205316,796
Шалаш;39;;;;47.21062;39.75267;420436,7857;2206880,09
Шаталова;63, 18л, 92a, 65;;6;83, 65, 63, 56, 44, 25, 11;47.29079;39.71461;429395,7431;2204141,828
Шаталова;92a, 83, 65, 63, 33, 18п;;6;95, 83, 65, 63, 56, 44, 25, 11;47.292;39.71387;429531,1754;2204088,045
Шеболдаева;6, 5, 2, 27, 42, 42а, 45, 49, 83, 21, 22;;;43, 6, 11, 21, 38, 44, 45, 58, 78, 90, 99, 23;47.24811;39.69716;424672,4731;2202743,625
Школа;32;;;;47.22409;39.56373;422177,3049;2192594,17
Школа;32;;;;47.22373;39.56416;422136,6904;2192626,008
Школа;71, 67, 64, 26, 16;;;71, 67, 59, 52, 40, 16;47.21229;39.63981;420763,4436;2198333,559
Школа;71, 67, 64, 26, 16;;8;71, 67, 59, 52, 40, 16;47.21245;39.63934;420781,8442;2198298,262
Школа;7;;9;95, 93, 88;47.25609;39.7984;425438,2361;2210421,158
Школа;92a, 89, 54, 18п;;;95, 79, 44, 29;47.2873;39.74236;428973,9513;2206234,687
Школа;92a, 89, 54, 18л;;;95, 79, 44, 29;47.28665;39.74293;428901,0016;2206276,655
Школа;42а, 42, 35а, 35, 3а;;;59, 58, 24;47.27051;39.79247;427048,2035;2209996,795
Школа;42а, 42, 35а, 35, 3а;;;59, 24;47.27073;39.79247;427072,6618;2209997,169
Школа;94, 63, 58, 42а, 42, 35а, 35, 18п, 17, 5;;;94, 66, 63, 58, 14;47.24901;39.73439;424726,7274;2205563,604
Школа;96, 63, 58, 42а, 42, 35а, 35, 18л, 17, 5;;;96, 66, 63, 58, 14;47.24911;39.73506;424737,0329;2205614,501
Школа;94, 49, 42а, 42, 17, 5, 1;;;94, 58, 56, 49, 14;47.24971;39.70048;424846,2118;2202997,88
Школа №20;98, 67;;;52;47.25479;39.77197;425324,4441;2208418,412
Школьная;68;;;;47.22999;39.80465;422529,432;2210850,379
Элеватор;39;;;;47.20699;39.71692;420076,5538;2204165,292
Элеватор;39, 31;;;;47.20661;39.7169;420034,3327;2204163,091
Юг Руси;31;;;73;47.1987;39.69571;419181,2235;2202543,211
